2025-07-27 02:32:18,718 - crypto_bot - INFO - KrakenClient initialized
2025-07-27 02:32:18,719 - crypto_bot - INFO - EnhancedKrakenClient initialized with advanced features
2025-07-27 02:32:18,770 - crypto_bot - INFO - KrakenClient initialized
2025-07-27 02:32:18,770 - crypto_bot - INFO - EnhancedKrakenClient initialized with advanced features
2025-07-27 02:32:18,771 - crypto_bot - INFO - KrakenClient initialized
2025-07-27 02:32:18,771 - crypto_bot - INFO - EnhancedKrakenClient initialized with advanced features
2025-07-27 02:32:18,771 - crypto_bot - ERROR - Failed to cancel order ORDER456: Order not found
2025-07-27 02:32:18,771 - crypto_bot - INFO - KrakenClient initialized
2025-07-27 02:32:18,771 - crypto_bot - INFO - EnhancedKrakenClient initialized with advanced features
2025-07-27 02:32:18,772 - crypto_bot - INFO - KrakenClient initialized
2025-07-27 02:32:18,772 - crypto_bot - INFO - EnhancedKrakenClient initialized with advanced features
2025-07-27 02:32:18,772 - crypto_bot - INFO - KrakenClient initialized
2025-07-27 02:32:18,773 - crypto_bot - INFO - EnhancedKrakenClient initialized with advanced features
2025-07-27 02:32:18,773 - crypto_bot - INFO - KrakenClient initialized
2025-07-27 02:32:18,773 - crypto_bot - INFO - EnhancedKrakenClient initialized with advanced features
2025-07-27 02:32:18,774 - crypto_bot - INFO - KrakenClient initialized
2025-07-27 02:32:18,774 - crypto_bot - INFO - EnhancedKrakenClient initialized with advanced features
2025-07-27 02:32:18,774 - crypto_bot - INFO - KrakenClient initialized
2025-07-27 02:32:18,775 - crypto_bot - INFO - EnhancedKrakenClient initialized with advanced features
2025-07-27 02:32:18,780 - crypto_bot - INFO - KrakenClient initialized
2025-07-27 02:32:18,780 - crypto_bot - INFO - EnhancedKrakenClient initialized with advanced features
2025-07-27 02:32:18,781 - crypto_bot - INFO - KrakenClient initialized
2025-07-27 02:32:18,782 - crypto_bot - INFO - EnhancedKrakenClient initialized with advanced features
2025-07-27 02:32:18,784 - crypto_bot - INFO - KrakenClient initialized
2025-07-27 02:32:18,784 - crypto_bot - INFO - EnhancedKrakenClient initialized with advanced features
2025-07-27 02:32:18,785 - crypto_bot - ERROR - Error getting multi-pair ticker: Batch request failed
2025-07-27 02:32:18,786 - crypto_bot - INFO - KrakenClient initialized
2025-07-27 02:32:18,786 - crypto_bot - INFO - EnhancedKrakenClient initialized with advanced features
2025-07-27 02:32:18,786 - crypto_bot - INFO - Circuit breaker manually reset
2025-07-27 02:32:18,788 - crypto_bot - INFO - KrakenClient initialized
2025-07-27 02:32:18,788 - crypto_bot - INFO - EnhancedKrakenClient initialized with advanced features
2025-07-27 02:32:18,788 - crypto_bot - WARNING - Trading pair INVALID is not available on Kraken
2025-07-27 02:32:18,790 - crypto_bot - INFO - KrakenClient initialized
2025-07-27 02:32:18,790 - crypto_bot - INFO - EnhancedKrakenClient initialized with advanced features
2025-07-27 02:32:18,791 - crypto_bot - INFO - KrakenClient initialized
2025-07-27 02:32:18,791 - crypto_bot - INFO - EnhancedKrakenClient initialized with advanced features
2025-07-27 02:33:46,058 - crypto_bot - INFO - KrakenClient initialized
2025-07-27 02:33:46,059 - crypto_bot - INFO - EnhancedKrakenClient initialized with advanced features
2025-07-27 02:33:51,161 - crypto_bot - INFO - KrakenClient initialized
2025-07-27 02:33:51,161 - crypto_bot - INFO - EnhancedKrakenClient initialized with advanced features
2025-07-27 02:33:51,163 - crypto_bot - INFO - KrakenClient initialized
2025-07-27 02:33:51,163 - crypto_bot - INFO - EnhancedKrakenClient initialized with advanced features
2025-07-27 02:33:51,165 - crypto_bot - INFO - KrakenClient initialized
2025-07-27 02:33:51,165 - crypto_bot - INFO - EnhancedKrakenClient initialized with advanced features
2025-07-27 02:33:51,165 - crypto_bot - ERROR - Failed to cancel order ORDER456: Order not found
2025-07-27 02:33:51,166 - crypto_bot - INFO - KrakenClient initialized
2025-07-27 02:33:51,166 - crypto_bot - INFO - EnhancedKrakenClient initialized with advanced features
2025-07-27 02:33:51,167 - crypto_bot - INFO - KrakenClient initialized
2025-07-27 02:33:51,167 - crypto_bot - INFO - EnhancedKrakenClient initialized with advanced features
2025-07-27 02:33:51,168 - crypto_bot - INFO - KrakenClient initialized
2025-07-27 02:33:51,168 - crypto_bot - INFO - EnhancedKrakenClient initialized with advanced features
2025-07-27 02:33:51,169 - crypto_bot - INFO - KrakenClient initialized
2025-07-27 02:33:51,169 - crypto_bot - INFO - EnhancedKrakenClient initialized with advanced features
2025-07-27 02:33:51,170 - crypto_bot - INFO - KrakenClient initialized
2025-07-27 02:33:51,170 - crypto_bot - INFO - EnhancedKrakenClient initialized with advanced features
2025-07-27 02:33:51,170 - crypto_bot - INFO - KrakenClient initialized
2025-07-27 02:33:51,170 - crypto_bot - INFO - EnhancedKrakenClient initialized with advanced features
2025-07-27 02:33:51,171 - crypto_bot - INFO - KrakenClient initialized
2025-07-27 02:33:51,171 - crypto_bot - INFO - EnhancedKrakenClient initialized with advanced features
2025-07-27 02:33:51,172 - crypto_bot - INFO - KrakenClient initialized
2025-07-27 02:33:51,172 - crypto_bot - INFO - EnhancedKrakenClient initialized with advanced features
2025-07-27 02:33:51,173 - crypto_bot - INFO - KrakenClient initialized
2025-07-27 02:33:51,173 - crypto_bot - INFO - EnhancedKrakenClient initialized with advanced features
2025-07-27 02:33:51,173 - crypto_bot - ERROR - Error getting multi-pair ticker: Batch request failed
2025-07-27 02:33:51,175 - crypto_bot - INFO - KrakenClient initialized
2025-07-27 02:33:51,176 - crypto_bot - INFO - EnhancedKrakenClient initialized with advanced features
2025-07-27 02:33:51,176 - crypto_bot - INFO - Circuit breaker manually reset
2025-07-27 02:33:51,177 - crypto_bot - INFO - KrakenClient initialized
2025-07-27 02:33:51,178 - crypto_bot - INFO - EnhancedKrakenClient initialized with advanced features
2025-07-27 02:33:51,178 - crypto_bot - WARNING - Trading pair INVALID is not available on Kraken
2025-07-27 02:33:51,178 - crypto_bot - INFO - KrakenClient initialized
2025-07-27 02:33:51,178 - crypto_bot - INFO - EnhancedKrakenClient initialized with advanced features
2025-07-27 02:33:51,179 - crypto_bot - INFO - KrakenClient initialized
2025-07-27 02:33:51,179 - crypto_bot - INFO - EnhancedKrakenClient initialized with advanced features
2025-07-27 02:35:24,726 - crypto_bot - INFO - KrakenClient initialized
2025-07-27 02:35:24,728 - crypto_bot - INFO - EnhancedKrakenClient initialized with advanced features
2025-07-27 02:36:01,304 - crypto_bot - INFO - KrakenClient initialized
2025-07-27 02:36:01,305 - crypto_bot - INFO - EnhancedKrakenClient initialized with advanced features
2025-07-27 02:36:01,306 - crypto_bot - WARNING - Trading pair INVALID_PAIR is not available on Kraken
2025-07-27 02:36:01,306 - crypto_bot - INFO - Circuit breaker manually reset
2025-07-27 02:47:03,406 - crypto_bot - INFO - KrakenClient initialized
2025-07-27 02:47:03,406 - crypto_bot - INFO - EnhancedKrakenClient initialized with advanced features
2025-07-27 02:47:03,407 - crypto_bot - INFO - KrakenClient initialized
2025-07-27 02:47:03,407 - crypto_bot - INFO - EnhancedKrakenClient initialized with advanced features
2025-07-27 02:47:03,408 - crypto_bot - INFO - KrakenClient initialized
2025-07-27 02:47:03,408 - crypto_bot - INFO - EnhancedKrakenClient initialized with advanced features
2025-07-27 02:47:03,409 - crypto_bot - ERROR - Failed to cancel order ORDER456: Order not found
2025-07-27 02:47:03,409 - crypto_bot - INFO - KrakenClient initialized
2025-07-27 02:47:03,409 - crypto_bot - INFO - EnhancedKrakenClient initialized with advanced features
2025-07-27 02:47:03,411 - crypto_bot - INFO - KrakenClient initialized
2025-07-27 02:47:03,411 - crypto_bot - INFO - EnhancedKrakenClient initialized with advanced features
2025-07-27 02:47:03,412 - crypto_bot - INFO - KrakenClient initialized
2025-07-27 02:47:03,412 - crypto_bot - INFO - EnhancedKrakenClient initialized with advanced features
2025-07-27 02:47:03,413 - crypto_bot - INFO - KrakenClient initialized
2025-07-27 02:47:03,413 - crypto_bot - INFO - EnhancedKrakenClient initialized with advanced features
2025-07-27 02:47:03,415 - crypto_bot - INFO - KrakenClient initialized
2025-07-27 02:47:03,416 - crypto_bot - INFO - EnhancedKrakenClient initialized with advanced features
2025-07-27 02:47:03,416 - crypto_bot - INFO - KrakenClient initialized
2025-07-27 02:47:03,416 - crypto_bot - INFO - EnhancedKrakenClient initialized with advanced features
2025-07-27 02:47:03,417 - crypto_bot - INFO - KrakenClient initialized
2025-07-27 02:47:03,417 - crypto_bot - INFO - EnhancedKrakenClient initialized with advanced features
2025-07-27 02:47:03,418 - crypto_bot - INFO - KrakenClient initialized
2025-07-27 02:47:03,418 - crypto_bot - INFO - EnhancedKrakenClient initialized with advanced features
2025-07-27 02:47:03,419 - crypto_bot - INFO - KrakenClient initialized
2025-07-27 02:47:03,419 - crypto_bot - INFO - EnhancedKrakenClient initialized with advanced features
2025-07-27 02:47:03,419 - crypto_bot - ERROR - Error getting multi-pair ticker: Batch request failed
2025-07-27 02:47:03,420 - crypto_bot - INFO - KrakenClient initialized
2025-07-27 02:47:03,420 - crypto_bot - INFO - EnhancedKrakenClient initialized with advanced features
2025-07-27 02:47:03,420 - crypto_bot - INFO - Circuit breaker manually reset
2025-07-27 02:47:03,421 - crypto_bot - INFO - KrakenClient initialized
2025-07-27 02:47:03,421 - crypto_bot - INFO - EnhancedKrakenClient initialized with advanced features
2025-07-27 02:47:03,421 - crypto_bot - WARNING - Trading pair INVALID is not available on Kraken
2025-07-27 02:47:03,422 - crypto_bot - INFO - KrakenClient initialized
2025-07-27 02:47:03,422 - crypto_bot - INFO - EnhancedKrakenClient initialized with advanced features
2025-07-27 02:47:03,422 - crypto_bot - INFO - KrakenClient initialized
2025-07-27 02:47:03,422 - crypto_bot - INFO - EnhancedKrakenClient initialized with advanced features
2025-07-27 02:49:01,133 - crypto_bot - INFO - KrakenClient initialized
2025-07-27 02:49:01,135 - crypto_bot - INFO - EnhancedKrakenClient initialized with advanced features
2025-07-27 02:49:01,142 - crypto_bot - INFO - KrakenClient initialized
2025-07-27 02:49:01,143 - crypto_bot - INFO - EnhancedKrakenClient initialized with advanced features
2025-07-27 02:49:01,143 - crypto_bot - INFO - Circuit breaker manually reset
2025-07-27 02:49:01,149 - crypto_bot - INFO - KrakenClient initialized
2025-07-27 02:49:01,149 - crypto_bot - INFO - EnhancedKrakenClient initialized with advanced features
2025-07-27 02:49:01,150 - crypto_bot - INFO - KrakenClient initialized
2025-07-27 02:49:01,151 - crypto_bot - INFO - EnhancedKrakenClient initialized with advanced features
2025-07-27 02:49:01,151 - crypto_bot - ERROR - Failed to cancel order ORDER456: Order not found
2025-07-27 02:49:01,151 - crypto_bot - INFO - KrakenClient initialized
2025-07-27 02:49:01,151 - crypto_bot - INFO - EnhancedKrakenClient initialized with advanced features
2025-07-27 02:49:01,152 - crypto_bot - INFO - KrakenClient initialized
2025-07-27 02:49:01,153 - crypto_bot - INFO - EnhancedKrakenClient initialized with advanced features
2025-07-27 02:49:01,153 - crypto_bot - ERROR - Failed to place order {'pair': 'BTCUSD', 'type': 'buy', 'ordertype': 'limit', 'volume': '0.1', 'price': '50000'}: KrakenClient.add_order() got an unexpected keyword argument 'type'. Did you mean 'type_'?
2025-07-27 02:49:01,154 - crypto_bot - ERROR - Failed to place order {'pair': 'ETHUSD', 'type': 'sell'}: Missing required fields in order: {'pair': 'ETHUSD', 'type': 'sell'}
2025-07-27 02:49:01,398 - crypto_bot - INFO - KrakenClient initialized
2025-07-27 02:49:01,408 - crypto_bot - INFO - EnhancedKrakenClient initialized with advanced features
2025-07-27 02:49:01,447 - crypto_bot - ERROR - Failed to place order {'pair': 'ETHUSD', 'type': 'sell', 'ordertype': 'market', 'volume': '1.0'}: Insufficient funds
2025-07-27 02:49:01,488 - crypto_bot - INFO - KrakenClient initialized
2025-07-27 02:49:01,488 - crypto_bot - INFO - EnhancedKrakenClient initialized with advanced features
2025-07-27 02:49:01,505 - crypto_bot - INFO - KrakenClient initialized
2025-07-27 02:49:01,505 - crypto_bot - INFO - EnhancedKrakenClient initialized with advanced features
2025-07-27 02:49:01,511 - crypto_bot - INFO - KrakenClient initialized
2025-07-27 02:49:01,512 - crypto_bot - INFO - EnhancedKrakenClient initialized with advanced features
2025-07-27 02:49:01,516 - crypto_bot - INFO - KrakenClient initialized
2025-07-27 02:49:01,516 - crypto_bot - INFO - EnhancedKrakenClient initialized with advanced features
2025-07-27 02:49:01,517 - crypto_bot - INFO - KrakenClient initialized
2025-07-27 02:49:01,517 - crypto_bot - INFO - EnhancedKrakenClient initialized with advanced features
2025-07-27 02:49:01,517 - crypto_bot - INFO - KrakenClient initialized
2025-07-27 02:49:01,517 - crypto_bot - INFO - EnhancedKrakenClient initialized with advanced features
2025-07-27 02:49:01,529 - crypto_bot - INFO - KrakenClient initialized
2025-07-27 02:49:01,531 - crypto_bot - INFO - EnhancedKrakenClient initialized with advanced features
2025-07-27 02:49:01,535 - crypto_bot - INFO - KrakenClient initialized
2025-07-27 02:49:01,535 - crypto_bot - INFO - EnhancedKrakenClient initialized with advanced features
2025-07-27 02:49:01,536 - crypto_bot - INFO - KrakenClient initialized
2025-07-27 02:49:01,536 - crypto_bot - INFO - EnhancedKrakenClient initialized with advanced features
2025-07-27 02:49:01,537 - crypto_bot - INFO - KrakenClient initialized
2025-07-27 02:49:01,537 - crypto_bot - INFO - EnhancedKrakenClient initialized with advanced features
2025-07-27 02:49:01,677 - crypto_bot - INFO - KrakenClient initialized
2025-07-27 02:49:01,677 - crypto_bot - INFO - EnhancedKrakenClient initialized with advanced features
2025-07-27 02:49:01,678 - crypto_bot - ERROR - Error getting multi-pair ticker: Batch request failed
2025-07-27 02:49:01,680 - crypto_bot - INFO - KrakenClient initialized
2025-07-27 02:49:01,682 - crypto_bot - INFO - EnhancedKrakenClient initialized with advanced features
2025-07-27 02:49:01,686 - crypto_bot - INFO - Circuit breaker manually reset
2025-07-27 02:49:01,688 - crypto_bot - INFO - KrakenClient initialized
2025-07-27 02:49:01,688 - crypto_bot - INFO - EnhancedKrakenClient initialized with advanced features
2025-07-27 02:49:01,690 - crypto_bot - INFO - KrakenClient initialized
2025-07-27 02:49:01,690 - crypto_bot - INFO - EnhancedKrakenClient initialized with advanced features
2025-07-27 02:49:01,691 - crypto_bot - INFO - KrakenClient initialized
2025-07-27 02:49:01,691 - crypto_bot - INFO - EnhancedKrakenClient initialized with advanced features
2025-07-27 02:49:01,692 - crypto_bot - WARNING - Trading pair INVALID is not available on Kraken
2025-07-27 02:49:01,699 - crypto_bot - INFO - KrakenClient initialized
2025-07-27 02:49:01,699 - crypto_bot - INFO - EnhancedKrakenClient initialized with advanced features
2025-07-27 02:49:01,700 - crypto_bot - INFO - KrakenClient initialized
2025-07-27 02:49:01,702 - crypto_bot - INFO - EnhancedKrakenClient initialized with advanced features
2025-07-27 02:50:22,695 - crypto_bot - INFO - KrakenClient initialized
2025-07-27 02:50:22,697 - crypto_bot - INFO - EnhancedKrakenClient initialized with advanced features
2025-07-27 02:50:25,651 - crypto_bot - ERROR - Kraken API error: ['EAPI:Invalid key']
2025-07-27 02:50:25,652 - crypto_bot - ERROR - Failed to place order {'pair': 'BTCUSD', 'type': 'buy', 'ordertype': 'limit', 'volume': '0.1', 'price': '50000'}: Kraken API error: ['EAPI:Invalid key']
2025-07-27 02:50:25,652 - crypto_bot - ERROR - Failed to place order {'pair': 'ETHUSD', 'type': 'sell'}: Missing required fields in order: {'pair': 'ETHUSD', 'type': 'sell'}
2025-07-27 02:50:43,306 - crypto_bot - INFO - KrakenClient initialized
2025-07-27 02:50:43,308 - crypto_bot - INFO - EnhancedKrakenClient initialized with advanced features
2025-07-27 02:50:43,309 - crypto_bot - ERROR - Failed to place order {'pair': 'ETHUSD', 'type': 'sell'}: Missing required fields in order: {'pair': 'ETHUSD', 'type': 'sell'}
2025-07-27 02:50:48,463 - crypto_bot - INFO - KrakenClient initialized
2025-07-27 02:50:48,463 - crypto_bot - INFO - EnhancedKrakenClient initialized with advanced features
2025-07-27 02:50:48,464 - crypto_bot - INFO - KrakenClient initialized
2025-07-27 02:50:48,464 - crypto_bot - INFO - EnhancedKrakenClient initialized with advanced features
2025-07-27 02:50:48,464 - crypto_bot - INFO - Circuit breaker manually reset
2025-07-27 02:50:48,465 - crypto_bot - INFO - KrakenClient initialized
2025-07-27 02:50:48,465 - crypto_bot - INFO - EnhancedKrakenClient initialized with advanced features
2025-07-27 02:50:48,466 - crypto_bot - INFO - KrakenClient initialized
2025-07-27 02:50:48,466 - crypto_bot - INFO - EnhancedKrakenClient initialized with advanced features
2025-07-27 02:50:48,466 - crypto_bot - ERROR - Failed to cancel order ORDER456: Order not found
2025-07-27 02:50:48,467 - crypto_bot - INFO - KrakenClient initialized
2025-07-27 02:50:48,467 - crypto_bot - INFO - EnhancedKrakenClient initialized with advanced features
2025-07-27 02:50:48,468 - crypto_bot - INFO - KrakenClient initialized
2025-07-27 02:50:48,468 - crypto_bot - INFO - EnhancedKrakenClient initialized with advanced features
2025-07-27 02:50:48,468 - crypto_bot - ERROR - Failed to place order {'pair': 'ETHUSD', 'type': 'sell'}: Missing required fields in order: {'pair': 'ETHUSD', 'type': 'sell'}
2025-07-27 02:50:48,469 - crypto_bot - INFO - KrakenClient initialized
2025-07-27 02:50:48,469 - crypto_bot - INFO - EnhancedKrakenClient initialized with advanced features
2025-07-27 02:50:48,469 - crypto_bot - ERROR - Failed to place order {'pair': 'ETHUSD', 'type': 'sell', 'ordertype': 'market', 'volume': '1.0'}: Insufficient funds
2025-07-27 02:50:48,469 - crypto_bot - INFO - KrakenClient initialized
2025-07-27 02:50:48,469 - crypto_bot - INFO - EnhancedKrakenClient initialized with advanced features
2025-07-27 02:50:48,471 - crypto_bot - INFO - KrakenClient initialized
2025-07-27 02:50:48,471 - crypto_bot - INFO - EnhancedKrakenClient initialized with advanced features
2025-07-27 02:50:48,473 - crypto_bot - INFO - KrakenClient initialized
2025-07-27 02:50:48,473 - crypto_bot - INFO - EnhancedKrakenClient initialized with advanced features
2025-07-27 02:50:48,474 - crypto_bot - INFO - KrakenClient initialized
2025-07-27 02:50:48,474 - crypto_bot - INFO - EnhancedKrakenClient initialized with advanced features
2025-07-27 02:50:48,475 - crypto_bot - INFO - KrakenClient initialized
2025-07-27 02:50:48,475 - crypto_bot - INFO - EnhancedKrakenClient initialized with advanced features
2025-07-27 02:50:48,476 - crypto_bot - INFO - KrakenClient initialized
2025-07-27 02:50:48,476 - crypto_bot - INFO - EnhancedKrakenClient initialized with advanced features
2025-07-27 02:50:48,477 - crypto_bot - INFO - KrakenClient initialized
2025-07-27 02:50:48,477 - crypto_bot - INFO - EnhancedKrakenClient initialized with advanced features
2025-07-27 02:50:48,478 - crypto_bot - INFO - KrakenClient initialized
2025-07-27 02:50:48,478 - crypto_bot - INFO - EnhancedKrakenClient initialized with advanced features
2025-07-27 02:50:48,478 - crypto_bot - INFO - KrakenClient initialized
2025-07-27 02:50:48,478 - crypto_bot - INFO - EnhancedKrakenClient initialized with advanced features
2025-07-27 02:50:48,479 - crypto_bot - INFO - KrakenClient initialized
2025-07-27 02:50:48,479 - crypto_bot - INFO - EnhancedKrakenClient initialized with advanced features
2025-07-27 02:50:48,479 - crypto_bot - INFO - KrakenClient initialized
2025-07-27 02:50:48,479 - crypto_bot - INFO - EnhancedKrakenClient initialized with advanced features
2025-07-27 02:50:48,480 - crypto_bot - ERROR - Error getting multi-pair ticker: Batch request failed
2025-07-27 02:50:48,480 - crypto_bot - INFO - KrakenClient initialized
2025-07-27 02:50:48,480 - crypto_bot - INFO - EnhancedKrakenClient initialized with advanced features
2025-07-27 02:50:48,480 - crypto_bot - INFO - Circuit breaker manually reset
2025-07-27 02:50:48,481 - crypto_bot - INFO - KrakenClient initialized
2025-07-27 02:50:48,481 - crypto_bot - INFO - EnhancedKrakenClient initialized with advanced features
2025-07-27 02:50:48,482 - crypto_bot - INFO - KrakenClient initialized
2025-07-27 02:50:48,482 - crypto_bot - INFO - EnhancedKrakenClient initialized with advanced features
2025-07-27 02:50:48,483 - crypto_bot - INFO - KrakenClient initialized
2025-07-27 02:50:48,483 - crypto_bot - INFO - EnhancedKrakenClient initialized with advanced features
2025-07-27 02:50:48,483 - crypto_bot - WARNING - Trading pair INVALID is not available on Kraken
2025-07-27 02:50:48,484 - crypto_bot - INFO - KrakenClient initialized
2025-07-27 02:50:48,484 - crypto_bot - INFO - EnhancedKrakenClient initialized with advanced features
2025-07-27 02:50:48,484 - crypto_bot - INFO - KrakenClient initialized
2025-07-27 02:50:48,484 - crypto_bot - INFO - EnhancedKrakenClient initialized with advanced features
2025-07-27 02:51:13,859 - crypto_bot - INFO - KrakenClient initialized
2025-07-27 02:51:13,859 - crypto_bot - INFO - EnhancedKrakenClient initialized with advanced features
2025-07-27 02:51:14,101 - crypto_bot - WARNING - Trading pair BTCUSD is not available on Kraken
2025-07-27 02:51:14,101 - crypto_bot - WARNING - Trading pair ETHUSD is not available on Kraken
2025-07-27 02:59:43,866 - crypto_bot - INFO - Ticker update for BTCUSD: {'c': ['50000', '1']}
2025-07-27 02:59:43,868 - crypto_bot - INFO - OHLC update for BTCUSD: [1234567890, 1234567900, '49000', '51000', '48000', '50000', '49500', '100', 50]
2025-07-27 02:59:43,868 - crypto_bot - INFO - Trade update for BTCUSD: [['50000', '1', '1234567890', 'b', 'm', '']]
2025-07-27 02:59:43,869 - crypto_bot - INFO - Order book update for BTCUSD: {'as': [['50100', '1', '1234567890']]}
2025-07-27 02:59:43,869 - crypto_bot - INFO - Spread update for BTCUSD: ['50000', '50100', '1234567890', '1', '2']
2025-07-27 02:59:43,869 - crypto_bot - INFO - Order update: [{'order_id': 'test', 'status': 'open'}]
2025-07-27 02:59:43,869 - crypto_bot - INFO - WebSocket connection status: connected
2025-07-27 02:59:43,869 - crypto_bot - ERROR - WebSocket error: test error
2025-07-27 02:59:43,870 - crypto_bot - INFO - Subscription sub_1 status: subscribed
2025-07-27 02:59:43,892 - crypto_bot - INFO - KrakenWebSocketClient initialized
2025-07-27 02:59:43,902 - crypto_bot - INFO - KrakenWebSocketClient initialized
2025-07-27 02:59:43,915 - crypto_bot - INFO - KrakenWebSocketClient initialized
2025-07-27 02:59:43,927 - crypto_bot - INFO - KrakenWebSocketClient initialized
2025-07-27 02:59:43,929 - crypto_bot - INFO - Subscribed to ticker for pairs: ['BTCUSD', 'ETHUSD']
2025-07-27 02:59:43,930 - crypto_bot - INFO - Subscribed to OHLC for pairs: ['BTCUSD'] (interval: 5)
2025-07-27 02:59:43,930 - crypto_bot - INFO - Subscribed to trades for pairs: ['BTCUSD']
2025-07-27 02:59:43,930 - crypto_bot - INFO - Subscribed to order book for pairs: ['BTCUSD'] (depth: 25)
2025-07-27 02:59:43,930 - crypto_bot - INFO - Subscribed to spread for pairs: ['BTCUSD']
2025-07-27 02:59:43,930 - crypto_bot - INFO - Subscribed to private order updates
2025-07-27 02:59:43,934 - crypto_bot - INFO - KrakenWebSocketClient initialized
2025-07-27 02:59:43,938 - crypto_bot - INFO - Subscribed to ticker for pairs: ['BTCUSD']
2025-07-27 02:59:43,938 - crypto_bot - INFO - Unsubscribed from ticker
2025-07-27 02:59:43,939 - crypto_bot - WARNING - Subscription non_existent not found
2025-07-27 02:59:43,944 - crypto_bot - INFO - KrakenWebSocketClient initialized
2025-07-27 02:59:43,947 - crypto_bot - INFO - KrakenWebSocketClient initialized
2025-07-27 02:59:43,948 - crypto_bot - INFO - Subscribed to ticker for pairs: ['BTCUSD']
2025-07-27 02:59:43,949 - crypto_bot - INFO - Subscribed to trades for pairs: ['ETHUSD']
2025-07-27 02:59:43,951 - crypto_bot - INFO - KrakenWebSocketClient initialized
2025-07-27 02:59:43,956 - crypto_bot - INFO - KrakenWebSocketClient initialized
2025-07-27 02:59:43,958 - crypto_bot - INFO - KrakenWebSocketClient initialized
2025-07-27 02:59:43,966 - crypto_bot - INFO - KrakenWebSocketClient initialized
2025-07-27 02:59:43,974 - crypto_bot - INFO - KrakenWebSocketClient initialized
2025-07-27 02:59:43,979 - crypto_bot - INFO - KrakenWebSocketClient initialized
2025-07-27 02:59:43,985 - crypto_bot - INFO - KrakenWebSocketClient initialized
2025-07-27 02:59:43,991 - crypto_bot - INFO - KrakenWebSocketClient initialized
2025-07-27 02:59:43,993 - crypto_bot - INFO - KrakenWebSocketClient initialized
2025-07-27 02:59:43,996 - crypto_bot - INFO - KrakenWebSocketClient initialized
2025-07-27 03:04:17,377 - crypto_bot - INFO - Ticker update for BTCUSD: {'c': ['50000', '1']}
2025-07-27 03:04:17,378 - crypto_bot - INFO - OHLC update for BTCUSD: [1234567890, 1234567900, '49000', '51000', '48000', '50000', '49500', '100', 50]
2025-07-27 03:04:17,378 - crypto_bot - INFO - Trade update for BTCUSD: [['50000', '1', '1234567890', 'b', 'm', '']]
2025-07-27 03:04:17,378 - crypto_bot - INFO - Order book update for BTCUSD: {'as': [['50100', '1', '1234567890']]}
2025-07-27 03:04:17,378 - crypto_bot - INFO - Spread update for BTCUSD: ['50000', '50100', '1234567890', '1', '2']
2025-07-27 03:04:17,378 - crypto_bot - INFO - Order update: [{'order_id': 'test', 'status': 'open'}]
2025-07-27 03:04:17,379 - crypto_bot - INFO - WebSocket connection status: connected
2025-07-27 03:04:17,379 - crypto_bot - ERROR - WebSocket error: test error
2025-07-27 03:04:17,379 - crypto_bot - INFO - Subscription sub_1 status: subscribed
2025-07-27 03:04:17,383 - crypto_bot - INFO - KrakenWebSocketClient initialized
2025-07-27 03:04:17,383 - crypto_bot - INFO - KrakenWebSocketClient initialized
2025-07-27 03:04:17,385 - crypto_bot - INFO - KrakenWebSocketClient initialized
2025-07-27 03:04:17,390 - crypto_bot - INFO - KrakenWebSocketClient initialized
2025-07-27 03:04:17,391 - crypto_bot - INFO - Subscribed to ticker for pairs: ['BTCUSD', 'ETHUSD']
2025-07-27 03:04:17,392 - crypto_bot - INFO - Subscribed to OHLC for pairs: ['BTCUSD'] (interval: 5)
2025-07-27 03:04:17,393 - crypto_bot - INFO - Subscribed to trades for pairs: ['BTCUSD']
2025-07-27 03:04:17,393 - crypto_bot - INFO - Subscribed to order book for pairs: ['BTCUSD'] (depth: 25)
2025-07-27 03:04:17,393 - crypto_bot - INFO - Subscribed to spread for pairs: ['BTCUSD']
2025-07-27 03:04:17,393 - crypto_bot - INFO - Subscribed to private order updates
2025-07-27 03:04:17,396 - crypto_bot - INFO - KrakenWebSocketClient initialized
2025-07-27 03:04:17,397 - crypto_bot - INFO - Subscribed to ticker for pairs: ['BTCUSD']
2025-07-27 03:04:17,397 - crypto_bot - INFO - Unsubscribed from ticker
2025-07-27 03:04:17,397 - crypto_bot - WARNING - Subscription non_existent not found
2025-07-27 03:04:17,399 - crypto_bot - INFO - KrakenWebSocketClient initialized
2025-07-27 03:04:17,402 - crypto_bot - INFO - KrakenWebSocketClient initialized
2025-07-27 03:04:17,403 - crypto_bot - INFO - Subscribed to ticker for pairs: ['BTCUSD']
2025-07-27 03:04:17,403 - crypto_bot - INFO - Subscribed to trades for pairs: ['ETHUSD']
2025-07-27 03:04:17,409 - crypto_bot - INFO - KrakenWebSocketClient initialized
2025-07-27 03:04:17,415 - crypto_bot - INFO - KrakenWebSocketClient initialized
2025-07-27 03:04:17,419 - crypto_bot - INFO - KrakenWebSocketClient initialized
2025-07-27 03:04:17,429 - crypto_bot - INFO - KrakenWebSocketClient initialized
2025-07-27 03:04:17,433 - crypto_bot - INFO - KrakenWebSocketClient initialized
2025-07-27 03:04:17,444 - crypto_bot - INFO - KrakenWebSocketClient initialized
2025-07-27 03:04:17,464 - crypto_bot - INFO - KrakenWebSocketClient initialized
2025-07-27 03:04:17,466 - crypto_bot - INFO - KrakenWebSocketClient initialized
2025-07-27 03:04:17,470 - crypto_bot - INFO - KrakenWebSocketClient initialized
2025-07-27 03:04:17,475 - crypto_bot - INFO - KrakenWebSocketClient initialized
2025-07-27 03:07:23,449 - crypto_bot - INFO - KrakenWebSocketClient initialized
2025-07-27 03:08:42,363 - crypto_bot - INFO - KrakenWebSocketClient initialized
2025-07-27 03:08:47,973 - crypto_bot - INFO - KrakenWebSocketClient initialized
2025-07-27 03:08:47,990 - crypto_bot - INFO - Connecting to Kraken public WebSocket...
2025-07-27 03:08:47,991 - crypto_bot - ERROR - Failed to connect to public WebSocket: object AsyncMock can't be used in 'await' expression
2025-07-27 03:09:04,055 - crypto_bot - INFO - KrakenWebSocketClient initialized
2025-07-27 03:09:04,065 - crypto_bot - INFO - Connecting to Kraken public WebSocket...
2025-07-27 03:09:04,066 - crypto_bot - INFO - Connected to Kraken public WebSocket
2025-07-27 03:09:17,674 - crypto_bot - INFO - KrakenWebSocketClient initialized
2025-07-27 03:09:17,695 - crypto_bot - INFO - Connecting to Kraken public WebSocket...
2025-07-27 03:09:17,696 - crypto_bot - ERROR - Failed to connect to public WebSocket: object MockWebSocket can't be used in 'await' expression
2025-07-27 03:09:17,696 - crypto_bot - ERROR - Error in WebSocket run loop: Failed to connect to public WebSocket
2025-07-27 03:09:56,586 - crypto_bot - INFO - KrakenWebSocketClient initialized
2025-07-27 03:09:56,587 - crypto_bot - INFO - Subscribed to ticker for pairs: ['BTCUSD', 'ETHUSD']
2025-07-27 03:09:56,588 - crypto_bot - INFO - Subscribed to OHLC for pairs: ['BTCUSD'] (interval: 5)
2025-07-27 03:09:56,588 - crypto_bot - INFO - Subscribed to trades for pairs: ['BTCUSD']
2025-07-27 03:09:56,588 - crypto_bot - INFO - Subscribed to order book for pairs: ['BTCUSD'] (depth: 25)
2025-07-27 03:09:56,588 - crypto_bot - INFO - Subscribed to spread for pairs: ['BTCUSD']
2025-07-27 03:09:56,588 - crypto_bot - INFO - Subscribed to private order updates
2025-07-27 03:10:07,429 - crypto_bot - INFO - KrakenWebSocketClient initialized
2025-07-27 03:10:19,302 - crypto_bot - ERROR - Error parsing OHLC data: could not convert string to float: 'invalid'
2025-07-27 03:10:19,303 - crypto_bot - ERROR - Error parsing trade data: could not convert string to float: 'invalid'
2025-07-27 03:10:42,900 - crypto_bot - ERROR - Error parsing ticker data: could not convert string to float: 'i'
2025-07-27 03:10:52,382 - crypto_bot - INFO - Ticker update for BTCUSD: {'c': ['50000', '1']}
2025-07-27 03:10:52,383 - crypto_bot - INFO - OHLC update for BTCUSD: [1234567890, 1234567900, '49000', '51000', '48000', '50000', '49500', '100', 50]
2025-07-27 03:10:52,383 - crypto_bot - INFO - Trade update for BTCUSD: [['50000', '1', '1234567890', 'b', 'm', '']]
2025-07-27 03:10:52,383 - crypto_bot - INFO - Order book update for BTCUSD: {'as': [['50100', '1', '1234567890']]}
2025-07-27 03:10:52,383 - crypto_bot - INFO - Spread update for BTCUSD: ['50000', '50100', '1234567890', '1', '2']
2025-07-27 03:10:52,383 - crypto_bot - INFO - Order update: [{'order_id': 'test', 'status': 'open'}]
2025-07-27 03:10:52,383 - crypto_bot - INFO - WebSocket connection status: connected
2025-07-27 03:10:52,383 - crypto_bot - ERROR - WebSocket error: test error
2025-07-27 03:10:52,383 - crypto_bot - INFO - Subscription sub_1 status: subscribed
2025-07-27 03:10:52,386 - crypto_bot - INFO - KrakenWebSocketClient initialized
2025-07-27 03:10:52,388 - crypto_bot - INFO - KrakenWebSocketClient initialized
2025-07-27 03:10:52,389 - crypto_bot - INFO - KrakenWebSocketClient initialized
2025-07-27 03:10:52,393 - crypto_bot - INFO - KrakenWebSocketClient initialized
2025-07-27 03:10:52,393 - crypto_bot - INFO - Subscribed to ticker for pairs: ['BTCUSD', 'ETHUSD']
2025-07-27 03:10:52,394 - crypto_bot - INFO - Subscribed to OHLC for pairs: ['BTCUSD'] (interval: 5)
2025-07-27 03:10:52,394 - crypto_bot - INFO - Subscribed to trades for pairs: ['BTCUSD']
2025-07-27 03:10:52,394 - crypto_bot - INFO - Subscribed to order book for pairs: ['BTCUSD'] (depth: 25)
2025-07-27 03:10:52,394 - crypto_bot - INFO - Subscribed to spread for pairs: ['BTCUSD']
2025-07-27 03:10:52,394 - crypto_bot - INFO - Subscribed to private order updates
2025-07-27 03:10:52,395 - crypto_bot - INFO - KrakenWebSocketClient initialized
2025-07-27 03:10:52,395 - crypto_bot - INFO - Subscribed to ticker for pairs: ['BTCUSD']
2025-07-27 03:10:52,395 - crypto_bot - INFO - Unsubscribed from ticker
2025-07-27 03:10:52,395 - crypto_bot - WARNING - Subscription non_existent not found
2025-07-27 03:10:52,396 - crypto_bot - INFO - KrakenWebSocketClient initialized
2025-07-27 03:10:52,396 - crypto_bot - INFO - KrakenWebSocketClient initialized
2025-07-27 03:10:52,397 - crypto_bot - INFO - Subscribed to ticker for pairs: ['BTCUSD']
2025-07-27 03:10:52,397 - crypto_bot - INFO - Subscribed to trades for pairs: ['ETHUSD']
2025-07-27 03:10:52,398 - crypto_bot - INFO - KrakenWebSocketClient initialized
2025-07-27 03:10:52,399 - crypto_bot - INFO - KrakenWebSocketClient initialized
2025-07-27 03:10:52,401 - crypto_bot - INFO - KrakenWebSocketClient initialized
2025-07-27 03:10:52,425 - crypto_bot - INFO - Connecting to Kraken public WebSocket...
2025-07-27 03:10:52,425 - crypto_bot - INFO - Connected to Kraken public WebSocket
2025-07-27 03:10:52,426 - crypto_bot - INFO - KrakenWebSocketClient initialized
2025-07-27 03:10:52,427 - crypto_bot - INFO - Connecting to Kraken private WebSocket...
2025-07-27 03:10:52,427 - crypto_bot - ERROR - Failed to connect to private WebSocket: object AsyncMock can't be used in 'await' expression
2025-07-27 03:12:24,794 - crypto_bot - INFO - Ticker update for BTCUSD: {'c': ['50000', '1']}
2025-07-27 03:12:24,795 - crypto_bot - INFO - OHLC update for BTCUSD: [1234567890, 1234567900, '49000', '51000', '48000', '50000', '49500', '100', 50]
2025-07-27 03:12:24,795 - crypto_bot - INFO - Trade update for BTCUSD: [['50000', '1', '1234567890', 'b', 'm', '']]
2025-07-27 03:12:24,795 - crypto_bot - INFO - Order book update for BTCUSD: {'as': [['50100', '1', '1234567890']]}
2025-07-27 03:12:24,795 - crypto_bot - INFO - Spread update for BTCUSD: ['50000', '50100', '1234567890', '1', '2']
2025-07-27 03:12:24,795 - crypto_bot - INFO - Order update: [{'order_id': 'test', 'status': 'open'}]
2025-07-27 03:12:24,795 - crypto_bot - INFO - WebSocket connection status: connected
2025-07-27 03:12:24,795 - crypto_bot - ERROR - WebSocket error: test error
2025-07-27 03:12:24,795 - crypto_bot - INFO - Subscription sub_1 status: subscribed
2025-07-27 03:12:24,798 - crypto_bot - INFO - KrakenWebSocketClient initialized
2025-07-27 03:12:24,801 - crypto_bot - INFO - KrakenWebSocketClient initialized
2025-07-27 03:12:24,802 - crypto_bot - INFO - KrakenWebSocketClient initialized
2025-07-27 03:12:24,804 - crypto_bot - INFO - KrakenWebSocketClient initialized
2025-07-27 03:12:24,804 - crypto_bot - INFO - Subscribed to ticker for pairs: ['BTCUSD', 'ETHUSD']
2025-07-27 03:12:24,804 - crypto_bot - INFO - Subscribed to OHLC for pairs: ['BTCUSD'] (interval: 5)
2025-07-27 03:12:24,804 - crypto_bot - INFO - Subscribed to trades for pairs: ['BTCUSD']
2025-07-27 03:12:24,804 - crypto_bot - INFO - Subscribed to order book for pairs: ['BTCUSD'] (depth: 25)
2025-07-27 03:12:24,804 - crypto_bot - INFO - Subscribed to spread for pairs: ['BTCUSD']
2025-07-27 03:12:24,804 - crypto_bot - INFO - Subscribed to private order updates
2025-07-27 03:12:24,805 - crypto_bot - INFO - KrakenWebSocketClient initialized
2025-07-27 03:12:24,805 - crypto_bot - INFO - Subscribed to ticker for pairs: ['BTCUSD']
2025-07-27 03:12:24,806 - crypto_bot - INFO - Unsubscribed from ticker
2025-07-27 03:12:24,806 - crypto_bot - WARNING - Subscription non_existent not found
2025-07-27 03:12:24,807 - crypto_bot - INFO - KrakenWebSocketClient initialized
2025-07-27 03:12:24,808 - crypto_bot - INFO - KrakenWebSocketClient initialized
2025-07-27 03:12:24,808 - crypto_bot - INFO - Subscribed to ticker for pairs: ['BTCUSD']
2025-07-27 03:12:24,808 - crypto_bot - INFO - Subscribed to trades for pairs: ['ETHUSD']
2025-07-27 03:12:24,808 - crypto_bot - INFO - KrakenWebSocketClient initialized
2025-07-27 03:12:24,809 - crypto_bot - INFO - KrakenWebSocketClient initialized
2025-07-27 03:12:24,810 - crypto_bot - INFO - KrakenWebSocketClient initialized
2025-07-27 03:12:24,830 - crypto_bot - INFO - Connecting to Kraken public WebSocket...
2025-07-27 03:12:24,830 - crypto_bot - INFO - Connected to Kraken public WebSocket
2025-07-27 03:12:24,833 - crypto_bot - INFO - KrakenWebSocketClient initialized
2025-07-27 03:12:24,834 - crypto_bot - INFO - Connecting to Kraken private WebSocket...
2025-07-27 03:12:24,834 - crypto_bot - INFO - Connected to Kraken private WebSocket
2025-07-27 03:12:24,836 - crypto_bot - INFO - KrakenWebSocketClient initialized
2025-07-27 03:12:24,837 - crypto_bot - INFO - WebSocket connections closed
2025-07-27 03:12:24,838 - crypto_bot - INFO - KrakenWebSocketClient initialized
2025-07-27 03:12:24,840 - crypto_bot - ERROR - WebSocket not connected (public)
2025-07-27 03:12:24,842 - crypto_bot - INFO - KrakenWebSocketClient initialized
2025-07-27 03:12:24,843 - crypto_bot - INFO - KrakenWebSocketClient initialized
2025-07-27 03:12:24,844 - crypto_bot - INFO - System status: online
2025-07-27 03:12:24,844 - crypto_bot - INFO - Subscription status: subscribed for ticker (BTCUSD)
2025-07-27 03:12:24,844 - crypto_bot - INFO - Received heartbeat
2025-07-27 03:12:24,845 - crypto_bot - INFO - KrakenWebSocketClient initialized
2025-07-27 03:12:24,846 - crypto_bot - INFO - KrakenWebSocketClient initialized
2025-07-27 03:37:34,895 - crypto_bot - INFO - Ticker update for BTCUSD: {'c': ['50000', '1']}
2025-07-27 03:37:34,896 - crypto_bot - INFO - OHLC update for BTCUSD: [1234567890, 1234567900, '49000', '51000', '48000', '50000', '49500', '100', 50]
2025-07-27 03:37:34,896 - crypto_bot - INFO - Trade update for BTCUSD: [['50000', '1', '1234567890', 'b', 'm', '']]
2025-07-27 03:37:34,896 - crypto_bot - INFO - Order book update for BTCUSD: {'as': [['50100', '1', '1234567890']]}
2025-07-27 03:37:34,896 - crypto_bot - INFO - Spread update for BTCUSD: ['50000', '50100', '1234567890', '1', '2']
2025-07-27 03:37:34,896 - crypto_bot - INFO - Order update: [{'order_id': 'test', 'status': 'open'}]
2025-07-27 03:37:34,896 - crypto_bot - INFO - WebSocket connection status: connected
2025-07-27 03:37:34,896 - crypto_bot - ERROR - WebSocket error: test error
2025-07-27 03:37:34,896 - crypto_bot - INFO - Subscription sub_1 status: subscribed
2025-07-27 03:37:34,899 - crypto_bot - INFO - KrakenWebSocketClient initialized
2025-07-27 03:37:34,899 - crypto_bot - INFO - KrakenWebSocketClient initialized
2025-07-27 03:37:34,901 - crypto_bot - INFO - KrakenWebSocketClient initialized
2025-07-27 03:37:34,903 - crypto_bot - INFO - KrakenWebSocketClient initialized
2025-07-27 03:37:34,903 - crypto_bot - INFO - Subscribed to ticker for pairs: ['BTCUSD', 'ETHUSD']
2025-07-27 03:37:34,903 - crypto_bot - INFO - Subscribed to OHLC for pairs: ['BTCUSD'] (interval: 5)
2025-07-27 03:37:34,903 - crypto_bot - INFO - Subscribed to trades for pairs: ['BTCUSD']
2025-07-27 03:37:34,903 - crypto_bot - INFO - Subscribed to order book for pairs: ['BTCUSD'] (depth: 25)
2025-07-27 03:37:34,903 - crypto_bot - INFO - Subscribed to spread for pairs: ['BTCUSD']
2025-07-27 03:37:34,903 - crypto_bot - INFO - Subscribed to private order updates
2025-07-27 03:37:34,904 - crypto_bot - INFO - KrakenWebSocketClient initialized
2025-07-27 03:37:34,905 - crypto_bot - INFO - Subscribed to ticker for pairs: ['BTCUSD']
2025-07-27 03:37:34,905 - crypto_bot - INFO - Unsubscribed from ticker
2025-07-27 03:37:34,905 - crypto_bot - WARNING - Subscription non_existent not found
2025-07-27 03:37:34,906 - crypto_bot - INFO - KrakenWebSocketClient initialized
2025-07-27 03:37:34,909 - crypto_bot - INFO - KrakenWebSocketClient initialized
2025-07-27 03:37:34,909 - crypto_bot - INFO - Subscribed to ticker for pairs: ['BTCUSD']
2025-07-27 03:37:34,909 - crypto_bot - INFO - Subscribed to trades for pairs: ['ETHUSD']
2025-07-27 03:37:34,910 - crypto_bot - INFO - KrakenWebSocketClient initialized
2025-07-27 03:37:34,911 - crypto_bot - INFO - KrakenWebSocketClient initialized
2025-07-27 03:37:34,912 - crypto_bot - INFO - KrakenWebSocketClient initialized
2025-07-27 03:37:34,927 - crypto_bot - INFO - Connecting to Kraken public WebSocket...
2025-07-27 03:37:34,928 - crypto_bot - INFO - Connected to Kraken public WebSocket
2025-07-27 03:37:34,929 - crypto_bot - INFO - KrakenWebSocketClient initialized
2025-07-27 03:37:34,930 - crypto_bot - INFO - Connecting to Kraken private WebSocket...
2025-07-27 03:37:34,930 - crypto_bot - INFO - Connected to Kraken private WebSocket
2025-07-27 03:37:34,932 - crypto_bot - INFO - KrakenWebSocketClient initialized
2025-07-27 03:37:34,933 - crypto_bot - INFO - WebSocket connections closed
2025-07-27 03:37:34,934 - crypto_bot - INFO - KrakenWebSocketClient initialized
2025-07-27 03:37:34,935 - crypto_bot - ERROR - WebSocket not connected (public)
2025-07-27 03:37:34,936 - crypto_bot - INFO - KrakenWebSocketClient initialized
2025-07-27 03:37:34,937 - crypto_bot - INFO - KrakenWebSocketClient initialized
2025-07-27 03:37:34,937 - crypto_bot - INFO - System status: online
2025-07-27 03:37:34,937 - crypto_bot - INFO - Subscription status: subscribed for ticker (BTCUSD)
2025-07-27 03:37:34,937 - crypto_bot - INFO - Received heartbeat
2025-07-27 03:37:34,938 - crypto_bot - INFO - KrakenWebSocketClient initialized
2025-07-27 03:37:34,941 - crypto_bot - INFO - KrakenWebSocketClient initialized
2025-07-27 03:38:24,085 - crypto_bot - INFO - KrakenWebSocketClient initialized
2025-07-27 03:38:24,104 - crypto_bot - INFO - Connecting to Kraken public WebSocket...
2025-07-27 03:38:24,104 - crypto_bot - ERROR - Failed to connect to public WebSocket: object MockWebSocket can't be used in 'await' expression
2025-07-27 03:38:24,104 - crypto_bot - ERROR - Error in WebSocket run loop: Failed to connect to public WebSocket
2025-07-27 03:38:29,145 - crypto_bot - INFO - KrakenWebSocketClient initialized
2025-07-27 03:38:29,147 - crypto_bot - INFO - Connecting to Kraken public WebSocket...
2025-07-27 03:38:29,147 - crypto_bot - ERROR - Failed to connect to public WebSocket: Connection failed
2025-07-27 03:38:29,147 - crypto_bot - ERROR - Error in WebSocket run loop: Failed to connect to public WebSocket
2025-07-27 03:38:33,161 - crypto_bot - INFO - KrakenWebSocketClient initialized
2025-07-27 03:38:33,162 - crypto_bot - INFO - Connecting to Kraken public WebSocket...
2025-07-27 03:38:33,162 - crypto_bot - ERROR - Failed to connect to public WebSocket: object MockWebSocket can't be used in 'await' expression
2025-07-27 03:38:33,162 - crypto_bot - ERROR - Error in WebSocket run loop: Failed to connect to public WebSocket
2025-07-27 03:38:37,184 - crypto_bot - INFO - KrakenWebSocketClient initialized
2025-07-27 03:38:37,186 - crypto_bot - INFO - Connecting to Kraken public WebSocket...
2025-07-27 03:38:37,186 - crypto_bot - ERROR - Failed to connect to public WebSocket: object MockWebSocket can't be used in 'await' expression
2025-07-27 03:38:37,186 - crypto_bot - ERROR - Error in WebSocket run loop: Failed to connect to public WebSocket
2025-07-27 03:38:40,196 - crypto_bot - INFO - Subscribed to ticker for pairs: ['XBT/USD']
2025-07-27 03:38:41,210 - crypto_bot - INFO - KrakenWebSocketClient initialized
2025-07-27 03:38:41,212 - crypto_bot - INFO - Connecting to Kraken public WebSocket...
2025-07-27 03:38:41,213 - crypto_bot - ERROR - Failed to connect to public WebSocket: object MockWebSocket can't be used in 'await' expression
2025-07-27 03:38:41,213 - crypto_bot - ERROR - Error in WebSocket run loop: Failed to connect to public WebSocket
2025-07-27 03:38:44,219 - crypto_bot - INFO - Subscribed to ticker for pairs: ['XBT/USD', 'ETH/USD']
2025-07-27 03:38:44,220 - crypto_bot - INFO - Subscribed to trades for pairs: ['XBT/USD']
2025-07-27 03:38:44,220 - crypto_bot - INFO - Subscribed to order book for pairs: ['XBT/USD'] (depth: 25)
2025-07-27 03:38:45,330 - crypto_bot - INFO - KrakenWebSocketClient initialized
2025-07-27 03:38:45,333 - crypto_bot - INFO - Connecting to Kraken public WebSocket...
2025-07-27 03:38:45,333 - crypto_bot - ERROR - Failed to connect to public WebSocket: object MockWebSocket can't be used in 'await' expression
2025-07-27 03:38:45,334 - crypto_bot - ERROR - Error in WebSocket run loop: Failed to connect to public WebSocket
2025-07-27 03:38:48,340 - crypto_bot - INFO - Subscribed to ticker for pairs: ['XBT/USD']
2025-07-27 03:38:49,348 - crypto_bot - INFO - Unsubscribed from ticker
2025-07-27 03:38:50,367 - crypto_bot - INFO - KrakenWebSocketClient initialized
2025-07-27 03:38:50,367 - crypto_bot - INFO - Connecting to Kraken public WebSocket...
2025-07-27 03:38:50,367 - crypto_bot - ERROR - Failed to connect to public WebSocket: object MockWebSocket can't be used in 'await' expression
2025-07-27 03:38:50,367 - crypto_bot - ERROR - Error in WebSocket run loop: Failed to connect to public WebSocket
2025-07-27 03:38:53,375 - crypto_bot - INFO - Subscribed to ticker for pairs: ['XBT/USD']
2025-07-27 03:38:55,390 - crypto_bot - INFO - KrakenWebSocketClient initialized
2025-07-27 03:38:55,391 - crypto_bot - INFO - Connecting to Kraken public WebSocket...
2025-07-27 03:38:55,392 - crypto_bot - ERROR - Failed to connect to public WebSocket: object MockWebSocket can't be used in 'await' expression
2025-07-27 03:38:55,392 - crypto_bot - ERROR - Error in WebSocket run loop: Failed to connect to public WebSocket
2025-07-27 03:38:58,396 - crypto_bot - INFO - Subscribed to trades for pairs: ['XBT/USD']
2025-07-27 03:39:00,412 - crypto_bot - INFO - KrakenWebSocketClient initialized
2025-07-27 03:39:00,414 - crypto_bot - INFO - Connecting to Kraken public WebSocket...
2025-07-27 03:39:00,414 - crypto_bot - ERROR - Failed to connect to public WebSocket: object MockWebSocket can't be used in 'await' expression
2025-07-27 03:39:00,414 - crypto_bot - ERROR - Error in WebSocket run loop: Failed to connect to public WebSocket
2025-07-27 03:39:03,424 - crypto_bot - INFO - Subscribed to order book for pairs: ['XBT/USD'] (depth: 25)
2025-07-27 03:39:05,438 - crypto_bot - INFO - KrakenWebSocketClient initialized
2025-07-27 03:39:05,439 - crypto_bot - INFO - Connecting to Kraken public WebSocket...
2025-07-27 03:39:05,439 - crypto_bot - ERROR - Failed to connect to public WebSocket: object MockWebSocket can't be used in 'await' expression
2025-07-27 03:39:05,439 - crypto_bot - ERROR - Error in WebSocket run loop: Failed to connect to public WebSocket
2025-07-27 03:39:09,460 - crypto_bot - INFO - KrakenWebSocketClient initialized
2025-07-27 03:39:09,461 - crypto_bot - INFO - Connecting to Kraken public WebSocket...
2025-07-27 03:39:09,461 - crypto_bot - ERROR - Failed to connect to public WebSocket: object MockWebSocket can't be used in 'await' expression
2025-07-27 03:39:09,461 - crypto_bot - ERROR - Error in WebSocket run loop: Failed to connect to public WebSocket
2025-07-27 03:39:18,484 - crypto_bot - INFO - KrakenWebSocketClient initialized
2025-07-27 03:39:18,485 - crypto_bot - INFO - Connecting to Kraken public WebSocket...
2025-07-27 03:39:18,485 - crypto_bot - ERROR - Failed to connect to public WebSocket: object MockWebSocket can't be used in 'await' expression
2025-07-27 03:39:18,485 - crypto_bot - ERROR - Error in WebSocket run loop: Failed to connect to public WebSocket
2025-07-27 03:39:21,506 - crypto_bot - INFO - KrakenWebSocketClient initialized
2025-07-27 03:39:21,507 - crypto_bot - INFO - Connecting to Kraken public WebSocket...
2025-07-27 03:39:21,507 - crypto_bot - ERROR - Failed to connect to public WebSocket: object MockWebSocket can't be used in 'await' expression
2025-07-27 03:39:21,507 - crypto_bot - ERROR - Error in WebSocket run loop: Failed to connect to public WebSocket
2025-07-27 03:39:24,513 - crypto_bot - INFO - Subscribed to private order updates
2025-07-27 03:39:25,530 - crypto_bot - INFO - KrakenWebSocketClient initialized
2025-07-27 03:39:25,531 - crypto_bot - INFO - Connecting to Kraken public WebSocket...
2025-07-27 03:39:25,531 - crypto_bot - ERROR - Failed to connect to public WebSocket: object MockWebSocket can't be used in 'await' expression
2025-07-27 03:39:25,531 - crypto_bot - ERROR - Error in WebSocket run loop: Failed to connect to public WebSocket
2025-07-27 03:39:28,541 - crypto_bot - INFO - Subscribed to ticker for pairs: ['XBT/USD']
2025-07-27 03:39:31,564 - crypto_bot - INFO - KrakenWebSocketClient initialized
2025-07-27 03:39:31,565 - crypto_bot - INFO - KrakenWebSocketClient initialized
2025-07-27 03:39:31,565 - crypto_bot - INFO - Connecting to Kraken public WebSocket...
2025-07-27 03:39:31,565 - crypto_bot - ERROR - Failed to connect to public WebSocket: object MockWebSocket can't be used in 'await' expression
2025-07-27 03:39:31,565 - crypto_bot - ERROR - Error in WebSocket run loop: Failed to connect to public WebSocket
2025-07-27 03:39:34,569 - crypto_bot - INFO - Subscribed to ticker for pairs: ['XBT/USD']
2025-07-27 03:39:36,574 - crypto_bot - INFO - Disconnecting WebSocket client...
2025-07-27 03:39:37,577 - crypto_bot - INFO - WebSocket client disconnected
2025-07-27 03:39:37,580 - crypto_bot - INFO - KrakenWebSocketClient initialized
2025-07-27 03:39:37,581 - crypto_bot - INFO - Connecting to Kraken public WebSocket...
2025-07-27 03:39:37,582 - crypto_bot - ERROR - Failed to connect to public WebSocket: object MockWebSocket can't be used in 'await' expression
2025-07-27 03:39:37,582 - crypto_bot - ERROR - Error in WebSocket run loop: Failed to connect to public WebSocket
2025-07-27 03:39:40,641 - crypto_bot - INFO - Subscribed to ticker for pairs: ['XBT/USD']
2025-07-27 03:39:44,665 - crypto_bot - INFO - KrakenWebSocketClient initialized
2025-07-27 03:39:44,666 - crypto_bot - INFO - Connecting to Kraken public WebSocket...
2025-07-27 03:39:44,666 - crypto_bot - ERROR - Failed to connect to public WebSocket: object MockWebSocket can't be used in 'await' expression
2025-07-27 03:39:44,666 - crypto_bot - ERROR - Error in WebSocket run loop: Failed to connect to public WebSocket
2025-07-27 03:43:02,274 - crypto_bot - INFO - KrakenWebSocketClient initialized
2025-07-27 03:43:02,362 - crypto_bot - INFO - Connecting to Kraken public WebSocket...
2025-07-27 03:43:02,364 - crypto_bot - INFO - Connected to Kraken public WebSocket
2025-07-27 03:43:02,364 - crypto_bot - INFO - System status: online
2025-07-27 03:43:07,373 - crypto_bot - INFO - Disconnecting WebSocket client...
2025-07-27 03:43:07,395 - crypto_bot - INFO - WebSocket client disconnected
2025-07-27 03:43:07,421 - asyncio - ERROR - Task was destroyed but it is pending!
task: <Task pending name='Task-2' coro=<KrakenWebSocketClient._connection_monitor() running at /Users/kadenballard/Desktop/Misc./Code/crypto-scalping-bot-kiro/bot/kraken_websocket.py:390> wait_for=<Future pending cb=[Task.task_wakeup()]>>
2025-07-27 03:44:36,698 - crypto_bot - INFO - KrakenWebSocketClient initialized
2025-07-27 03:44:36,716 - crypto_bot - INFO - Connecting to Kraken public WebSocket...
2025-07-27 03:44:36,716 - crypto_bot - INFO - Connected to Kraken public WebSocket
2025-07-27 03:44:36,716 - crypto_bot - INFO - System status: online
2025-07-27 03:44:36,716 - crypto_bot - INFO - Subscription status: subscribed for ticker (XBT/USD)
2025-07-27 03:44:39,725 - crypto_bot - INFO - Subscribed to ticker for pairs: ['XBT/USD']
2025-07-27 21:34:42,035 - crypto_bot - INFO - Ticker update for BTCUSD: {'c': ['50000', '1']}
2025-07-27 21:34:42,036 - crypto_bot - INFO - OHLC update for BTCUSD: [1234567890, 1234567900, '49000', '51000', '48000', '50000', '49500', '100', 50]
2025-07-27 21:34:42,036 - crypto_bot - INFO - Trade update for BTCUSD: [['50000', '1', '1234567890', 'b', 'm', '']]
2025-07-27 21:34:42,036 - crypto_bot - INFO - Order book update for BTCUSD: {'as': [['50100', '1', '1234567890']]}
2025-07-27 21:34:42,036 - crypto_bot - INFO - Spread update for BTCUSD: ['50000', '50100', '1234567890', '1', '2']
2025-07-27 21:34:42,036 - crypto_bot - INFO - Order update: [{'order_id': 'test', 'status': 'open'}]
2025-07-27 21:34:42,036 - crypto_bot - INFO - WebSocket connection status: connected
2025-07-27 21:34:42,036 - crypto_bot - ERROR - WebSocket error: test error
2025-07-27 21:34:42,036 - crypto_bot - INFO - Subscription sub_1 status: subscribed
2025-07-27 21:34:42,039 - crypto_bot - INFO - KrakenWebSocketClient initialized
2025-07-27 21:34:42,040 - crypto_bot - INFO - KrakenWebSocketClient initialized
2025-07-27 21:34:42,041 - crypto_bot - INFO - KrakenWebSocketClient initialized
2025-07-27 21:34:42,042 - crypto_bot - INFO - KrakenWebSocketClient initialized
2025-07-27 21:34:42,042 - crypto_bot - INFO - Subscribed to ticker for pairs: ['BTCUSD', 'ETHUSD']
2025-07-27 21:34:42,042 - crypto_bot - INFO - Subscribed to OHLC for pairs: ['BTCUSD'] (interval: 5)
2025-07-27 21:34:42,043 - crypto_bot - INFO - Subscribed to trades for pairs: ['BTCUSD']
2025-07-27 21:34:42,043 - crypto_bot - INFO - Subscribed to order book for pairs: ['BTCUSD'] (depth: 25)
2025-07-27 21:34:42,043 - crypto_bot - INFO - Subscribed to spread for pairs: ['BTCUSD']
2025-07-27 21:34:42,043 - crypto_bot - INFO - Subscribed to private order updates
2025-07-27 21:34:42,044 - crypto_bot - INFO - KrakenWebSocketClient initialized
2025-07-27 21:34:42,044 - crypto_bot - INFO - Subscribed to ticker for pairs: ['BTCUSD']
2025-07-27 21:34:42,044 - crypto_bot - INFO - Unsubscribed from ticker
2025-07-27 21:34:42,044 - crypto_bot - WARNING - Subscription non_existent not found
2025-07-27 21:34:42,045 - crypto_bot - INFO - KrakenWebSocketClient initialized
2025-07-27 21:34:42,046 - crypto_bot - INFO - KrakenWebSocketClient initialized
2025-07-27 21:34:42,046 - crypto_bot - INFO - Subscribed to ticker for pairs: ['BTCUSD']
2025-07-27 21:34:42,046 - crypto_bot - INFO - Subscribed to trades for pairs: ['ETHUSD']
2025-07-27 21:34:42,046 - crypto_bot - INFO - KrakenWebSocketClient initialized
2025-07-27 21:34:42,047 - crypto_bot - INFO - KrakenWebSocketClient initialized
2025-07-27 21:34:42,048 - crypto_bot - INFO - KrakenWebSocketClient initialized
2025-07-27 21:34:42,070 - crypto_bot - INFO - Connecting to Kraken public WebSocket...
2025-07-27 21:34:42,070 - crypto_bot - INFO - Connected to Kraken public WebSocket
2025-07-27 21:34:42,072 - crypto_bot - INFO - KrakenWebSocketClient initialized
2025-07-27 21:34:42,072 - crypto_bot - INFO - Connecting to Kraken private WebSocket...
2025-07-27 21:34:42,072 - crypto_bot - INFO - Connected to Kraken private WebSocket
2025-07-27 21:34:42,074 - crypto_bot - INFO - KrakenWebSocketClient initialized
2025-07-27 21:34:42,075 - crypto_bot - INFO - WebSocket connections closed
2025-07-27 21:34:42,076 - crypto_bot - INFO - KrakenWebSocketClient initialized
2025-07-27 21:34:42,077 - crypto_bot - ERROR - WebSocket not connected (public)
2025-07-27 21:34:42,079 - crypto_bot - INFO - KrakenWebSocketClient initialized
2025-07-27 21:34:42,080 - crypto_bot - INFO - KrakenWebSocketClient initialized
2025-07-27 21:34:42,080 - crypto_bot - INFO - System status: online
2025-07-27 21:34:42,080 - crypto_bot - INFO - Subscription status: subscribed for ticker (BTCUSD)
2025-07-27 21:34:42,081 - crypto_bot - INFO - Received heartbeat
2025-07-27 21:34:42,082 - crypto_bot - INFO - KrakenWebSocketClient initialized
2025-07-27 21:34:42,083 - crypto_bot - INFO - KrakenWebSocketClient initialized
2025-07-27 21:36:17,392 - crypto_bot - INFO - KrakenWebSocketClient initialized
2025-07-27 21:36:17,408 - crypto_bot - INFO - Connecting to Kraken public WebSocket...
2025-07-27 21:36:17,408 - crypto_bot - INFO - Connected to Kraken public WebSocket
2025-07-27 21:36:17,408 - crypto_bot - INFO - System status: online
2025-07-27 21:36:22,416 - crypto_bot - INFO - Disconnecting WebSocket client...
2025-07-27 21:36:22,438 - crypto_bot - INFO - WebSocket client disconnected
2025-07-27 21:36:22,466 - asyncio - ERROR - Task was destroyed but it is pending!
task: <Task pending name='Task-2' coro=<KrakenWebSocketClient._connection_monitor() done, defined at /Users/kadenballard/Desktop/Misc./Code/crypto-scalping-bot-kiro/bot/kraken_websocket.py:386> wait_for=<Future pending cb=[Task.task_wakeup()]>>
2025-07-27 21:37:05,280 - crypto_bot - INFO - KrakenWebSocketClient initialized
2025-07-27 21:39:40,601 - crypto_bot - INFO - Ticker update for BTCUSD: $50000.00
2025-07-27 21:39:40,603 - crypto_bot - INFO - Ticker update for BTCUSD: $50100.00
2025-07-27 21:40:16,221 - crypto_bot - INFO - KrakenWebSocketClient initialized
2025-07-27 21:40:16,223 - crypto_bot - INFO - KrakenWebSocketClient initialized
2025-07-27 21:40:16,224 - crypto_bot - INFO - KrakenWebSocketClient initialized
2025-07-27 21:41:49,789 - crypto_bot - INFO - KrakenWebSocketClient initialized
2025-07-27 21:41:49,790 - crypto_bot - INFO - WebSocket connection status changed to: connecting
2025-07-27 21:41:49,791 - crypto_bot - INFO - Connecting to Kraken public WebSocket...
2025-07-27 21:41:49,791 - crypto_bot - INFO - Connected to Kraken public WebSocket
2025-07-27 21:41:49,791 - crypto_bot - INFO - WebSocket connection status changed to: connected
2025-07-27 21:41:49,791 - crypto_bot - INFO - System status: online
2025-07-27 21:41:49,791 - crypto_bot - ERROR - Error handling WebSocket message: the JSON object must be str, bytes or bytearray, not list
2025-07-27 21:41:49,791 - crypto_bot - ERROR - WebSocket error: the JSON object must be str, bytes or bytearray, not list
2025-07-27 21:41:52,796 - crypto_bot - INFO - Subscribed to ticker for pairs: ['XBT/USD']
2025-07-27 21:42:06,748 - crypto_bot - INFO - KrakenWebSocketClient initialized
2025-07-27 21:42:06,749 - crypto_bot - INFO - WebSocket connection status changed to: connecting
2025-07-27 21:42:06,749 - crypto_bot - INFO - Connecting to Kraken public WebSocket...
2025-07-27 21:42:06,749 - crypto_bot - INFO - Connected to Kraken public WebSocket
2025-07-27 21:42:06,749 - crypto_bot - INFO - WebSocket connection status changed to: connected
2025-07-27 21:42:06,749 - crypto_bot - INFO - System status: online
2025-07-27 21:42:06,749 - crypto_bot - INFO - Ticker update for XBT/USD: $50000.00
2025-07-27 21:42:09,753 - crypto_bot - INFO - Subscribed to ticker for pairs: ['XBT/USD']
2025-07-27 21:42:11,755 - crypto_bot - INFO - Disconnecting WebSocket client...
2025-07-27 21:42:11,756 - crypto_bot - INFO - WebSocket connections closed
2025-07-27 21:42:11,756 - crypto_bot - INFO - WebSocket connection status changed to: disconnected
2025-07-27 21:42:11,757 - crypto_bot - INFO - WebSocket connection status changed to: closed
2025-07-27 21:42:11,758 - crypto_bot - INFO - WebSocket client disconnected
2025-07-27 21:42:20,959 - crypto_bot - INFO - KrakenWebSocketClient initialized
2025-07-27 21:42:20,959 - crypto_bot - INFO - WebSocket connection status changed to: connecting
2025-07-27 21:42:20,960 - crypto_bot - INFO - Connecting to Kraken public WebSocket...
2025-07-27 21:42:20,960 - crypto_bot - INFO - Connected to Kraken public WebSocket
2025-07-27 21:42:20,960 - crypto_bot - INFO - WebSocket connection status changed to: connected
2025-07-27 21:42:20,960 - crypto_bot - INFO - System status: online
2025-07-27 21:42:20,960 - crypto_bot - INFO - Ticker update for XBT/USD: $50000.00
2025-07-27 21:42:23,964 - crypto_bot - INFO - Subscribed to ticker for pairs: ['XBT/USD']
2025-07-27 21:42:25,966 - crypto_bot - INFO - Disconnecting WebSocket client...
2025-07-27 21:42:25,966 - crypto_bot - INFO - WebSocket connections closed
2025-07-27 21:42:25,967 - crypto_bot - INFO - WebSocket connection status changed to: disconnected
2025-07-27 21:42:25,975 - crypto_bot - INFO - WebSocket connection status changed to: closed
2025-07-27 21:42:25,976 - crypto_bot - INFO - WebSocket client disconnected
2025-07-27 21:42:25,979 - crypto_bot - INFO - KrakenWebSocketClient initialized
2025-07-27 21:42:25,980 - crypto_bot - INFO - WebSocket connection status: connecting
2025-07-27 21:42:25,980 - crypto_bot - INFO - Connecting to Kraken public WebSocket...
2025-07-27 21:42:25,981 - crypto_bot - INFO - Connected to Kraken public WebSocket
2025-07-27 21:42:25,981 - crypto_bot - INFO - WebSocket connection status: connected
2025-07-27 21:42:25,981 - crypto_bot - INFO - System status: online
2025-07-27 21:42:28,988 - crypto_bot - INFO - Disconnecting WebSocket client...
2025-07-27 21:42:29,003 - crypto_bot - INFO - WebSocket connection status: closed
2025-07-27 21:42:29,003 - crypto_bot - INFO - WebSocket client disconnected
2025-07-27 21:42:29,005 - crypto_bot - INFO - KrakenWebSocketClient initialized
2025-07-27 21:42:29,005 - crypto_bot - INFO - WebSocket connection status changed to: connecting
2025-07-27 21:42:29,006 - crypto_bot - INFO - Connecting to Kraken public WebSocket...
2025-07-27 21:42:29,006 - crypto_bot - INFO - Connected to Kraken public WebSocket
2025-07-27 21:42:29,006 - crypto_bot - INFO - WebSocket connection status changed to: connected
2025-07-27 21:42:29,006 - crypto_bot - INFO - System status: online
2025-07-27 21:42:32,013 - crypto_bot - INFO - Disconnecting WebSocket client...
2025-07-27 21:42:32,015 - crypto_bot - INFO - WebSocket connection status changed to: closed
2025-07-27 21:42:32,016 - crypto_bot - INFO - WebSocket client disconnected
2025-07-27 21:42:32,018 - crypto_bot - INFO - KrakenWebSocketClient initialized
2025-07-27 21:42:32,018 - crypto_bot - INFO - WebSocket connection status: connecting
2025-07-27 21:42:32,018 - crypto_bot - INFO - Connecting to Kraken public WebSocket...
2025-07-27 21:42:32,019 - crypto_bot - INFO - Connected to Kraken public WebSocket
2025-07-27 21:42:32,019 - crypto_bot - INFO - WebSocket connection status: connected
2025-07-27 21:42:32,019 - crypto_bot - INFO - System status: online
2025-07-27 21:42:32,019 - crypto_bot - INFO - Ticker update for XBT/USD: {'c': ['50000.0', '1']}
2025-07-27 21:42:32,019 - crypto_bot - INFO - Ticker update for XBT/USD: {'invalid': 'data'}
2025-07-27 21:42:35,028 - crypto_bot - INFO - Subscribed to ticker for pairs: ['XBT/USD']
2025-07-27 21:42:37,034 - crypto_bot - INFO - Disconnecting WebSocket client...
2025-07-27 21:42:38,034 - crypto_bot - INFO - WebSocket connection status: closed
2025-07-27 21:42:38,034 - crypto_bot - INFO - WebSocket client disconnected
2025-07-27 21:42:38,053 - crypto_bot - INFO - WebSocket connection status changed to: disconnected
2025-07-27 21:42:38,053 - asyncio - ERROR - Task was destroyed but it is pending!
task: <Task pending name='Task-7' coro=<KrakenWebSocketClient._connection_monitor() done, defined at /Users/kadenballard/Desktop/Misc./Code/crypto-scalping-bot-kiro/bot/kraken_websocket.py:386> wait_for=<Future pending cb=[Task.task_wakeup()]>>
2025-07-27 21:42:38,053 - crypto_bot - INFO - WebSocket connection status: disconnected
2025-07-27 21:42:38,053 - asyncio - ERROR - Task was destroyed but it is pending!
task: <Task pending name='Task-9' coro=<KrakenWebSocketClient._connection_monitor() done, defined at /Users/kadenballard/Desktop/Misc./Code/crypto-scalping-bot-kiro/bot/kraken_websocket.py:386> wait_for=<Future pending cb=[Task.task_wakeup()]>>
2025-07-27 21:42:38,053 - asyncio - ERROR - Task was destroyed but it is pending!
task: <Task pending name='Task-5' coro=<KrakenWebSocketClient._connection_monitor() running at /Users/kadenballard/Desktop/Misc./Code/crypto-scalping-bot-kiro/bot/kraken_websocket.py:390> wait_for=<Future pending cb=[Task.task_wakeup()]>>
2025-07-27 21:42:38,053 - crypto_bot - INFO - WebSocket connection status: disconnected
2025-07-27 21:43:33,380 - crypto_bot - INFO - KrakenWebSocketClient initialized
2025-07-27 21:43:33,383 - crypto_bot - INFO - KrakenWebSocketClient initialized
2025-07-27 21:43:33,383 - crypto_bot - INFO - KrakenWebSocketClient initialized
2025-07-27 21:43:33,383 - crypto_bot - INFO - KrakenWebSocketClient initialized
2025-07-27 21:43:33,383 - crypto_bot - INFO - Ticker update for XBT/USD: $50000.00
2025-07-27 21:43:33,383 - crypto_bot - INFO - Ticker update for XBT/USD: $50150.00
2025-07-27 21:43:47,899 - crypto_bot - INFO - KrakenWebSocketClient initialized
2025-07-27 21:43:47,899 - crypto_bot - INFO - KrakenWebSocketClient initialized
2025-07-27 21:43:47,899 - crypto_bot - INFO - KrakenWebSocketClient initialized
2025-07-27 21:43:47,899 - crypto_bot - INFO - KrakenWebSocketClient initialized
2025-07-27 21:50:53,403 - crypto_bot - WARNING - Unknown indicator: unknown_indicator
2025-07-27 21:50:53,418 - crypto_bot - WARNING - Failed to save cache to disk: Cannot save file into a non-existent directory: '/var/folders/10/2sxjzsh13g1dw2x7g8tfhb480000gn/T/tmpjczw8dud/BTC'
2025-07-27 21:50:53,422 - crypto_bot - WARNING - Failed to save cache to disk: [Errno 2] No such file or directory: '/var/folders/10/2sxjzsh13g1dw2x7g8tfhb480000gn/T/tmpl_e57zel/BTC/USD_test_data.json'
2025-07-27 21:50:53,423 - crypto_bot - WARNING - Failed to save cache to disk: [Errno 2] No such file or directory: '/var/folders/10/2sxjzsh13g1dw2x7g8tfhb480000gn/T/tmpz9eki7kh/BTC/USD_data1.json'
2025-07-27 21:50:53,423 - crypto_bot - WARNING - Failed to save cache to disk: [Errno 2] No such file or directory: '/var/folders/10/2sxjzsh13g1dw2x7g8tfhb480000gn/T/tmpz9eki7kh/ETH/USD_data2.json'
2025-07-27 21:50:53,425 - crypto_bot - INFO - Enhanced data manager initialized for 2 pairs
2025-07-27 21:50:53,425 - crypto_bot - WARNING - Pair BTC/USD already exists in data manager
2025-07-27 21:50:53,425 - crypto_bot - INFO - Cleaning up enhanced data manager
2025-07-27 21:50:53,428 - crypto_bot - INFO - Enhanced data manager initialized for 2 pairs
2025-07-27 21:50:53,428 - crypto_bot - INFO - Added market data for BTC/USD at 2025-07-27 21:50:53.428795
2025-07-27 21:50:53,428 - crypto_bot - INFO - Cleaning up enhanced data manager
2025-07-27 21:50:53,431 - crypto_bot - INFO - Enhanced data manager initialized for 2 pairs
2025-07-27 21:50:53,431 - crypto_bot - INFO - Added trading pair SOL/USD to data manager
2025-07-27 21:50:53,431 - crypto_bot - INFO - Cleaning up enhanced data manager
2025-07-27 21:50:53,434 - crypto_bot - INFO - Enhanced data manager initialized for 2 pairs
2025-07-27 21:50:53,436 - crypto_bot - INFO - Calculated 3 indicators for BTC/USD
2025-07-27 21:50:53,436 - crypto_bot - INFO - Cleaning up enhanced data manager
2025-07-27 21:50:53,438 - crypto_bot - INFO - Enhanced data manager initialized for 2 pairs
2025-07-27 21:50:53,441 - crypto_bot - INFO - Cleaning up enhanced data manager
2025-07-27 21:50:53,444 - crypto_bot - INFO - Enhanced data manager initialized for 2 pairs
2025-07-27 21:50:53,444 - crypto_bot - ERROR - Failed to get latest data for BTC/USD: API Error
2025-07-27 21:50:53,445 - crypto_bot - INFO - Cleaning up enhanced data manager
2025-07-27 21:50:53,448 - crypto_bot - INFO - Enhanced data manager initialized for 2 pairs
2025-07-27 21:50:53,449 - crypto_bot - INFO - Cleaning up enhanced data manager
2025-07-27 21:50:53,451 - crypto_bot - INFO - Enhanced data manager initialized for 2 pairs
2025-07-27 21:50:53,451 - crypto_bot - INFO - Cleaning up enhanced data manager
2025-07-27 21:50:53,453 - crypto_bot - INFO - Enhanced data manager initialized for 2 pairs
2025-07-27 21:50:53,454 - crypto_bot - INFO - Cleaning up enhanced data manager
2025-07-27 21:50:53,457 - crypto_bot - INFO - Enhanced data manager initialized for 2 pairs
2025-07-27 21:50:53,458 - crypto_bot - INFO - Cleaning up enhanced data manager
2025-07-27 21:50:53,461 - crypto_bot - INFO - Enhanced data manager initialized for 2 pairs
2025-07-27 21:50:53,462 - crypto_bot - INFO - Cleaning up enhanced data manager
2025-07-27 21:50:53,465 - crypto_bot - INFO - Enhanced data manager initialized for 2 pairs
2025-07-27 21:50:53,465 - crypto_bot - INFO - Cleaning up enhanced data manager
2025-07-27 21:50:53,467 - crypto_bot - INFO - Enhanced data manager initialized for 2 pairs
2025-07-27 21:50:53,467 - crypto_bot - WARNING - Pair NONEXISTENT/USD not found in data manager
2025-07-27 21:50:53,467 - crypto_bot - INFO - Cleaning up enhanced data manager
2025-07-27 21:50:53,469 - crypto_bot - INFO - Enhanced data manager initialized for 2 pairs
2025-07-27 21:50:53,469 - crypto_bot - INFO - Removed trading pair BTC/USD from data manager
2025-07-27 21:50:53,469 - crypto_bot - INFO - Cleaning up enhanced data manager
2025-07-27 21:50:53,471 - crypto_bot - INFO - Enhanced data manager initialized for 2 pairs
2025-07-27 21:50:53,471 - crypto_bot - INFO - Successfully synchronized data for BTC/USD
2025-07-27 21:50:53,472 - crypto_bot - INFO - Successfully synchronized data for ETH/USD
2025-07-27 21:50:53,472 - crypto_bot - INFO - Cleaning up enhanced data manager
2025-07-27 21:50:53,473 - crypto_bot - INFO - Enhanced data manager initialized for 2 pairs
2025-07-27 21:50:53,474 - crypto_bot - INFO - Cleaning up enhanced data manager
2025-07-27 21:50:53,476 - crypto_bot - INFO - Enhanced data manager initialized for 2 pairs
2025-07-27 21:50:53,479 - crypto_bot - INFO - Cleaning up enhanced data manager
2025-07-27 21:50:53,531 - crypto_bot - INFO - Enhanced data manager initialized for 2 pairs
2025-07-27 21:50:53,532 - crypto_bot - INFO - Cleaning up enhanced data manager
2025-07-27 21:52:17,197 - crypto_bot - INFO - Enhanced data manager initialized for 2 pairs
2025-07-27 21:52:17,205 - crypto_bot - INFO - Cleaning up enhanced data manager
2025-07-27 21:52:29,882 - crypto_bot - INFO - Enhanced data manager initialized for 2 pairs
2025-07-27 21:52:29,887 - crypto_bot - INFO - Cleaning up enhanced data manager
2025-07-27 21:52:35,050 - crypto_bot - WARNING - Unknown indicator: unknown_indicator
2025-07-27 21:52:35,056 - crypto_bot - WARNING - Failed to save cache to disk: Cannot save file into a non-existent directory: '/var/folders/10/2sxjzsh13g1dw2x7g8tfhb480000gn/T/tmptd1f9xi2/BTC'
2025-07-27 21:52:35,058 - crypto_bot - WARNING - Failed to save cache to disk: [Errno 2] No such file or directory: '/var/folders/10/2sxjzsh13g1dw2x7g8tfhb480000gn/T/tmplol7yxig/BTC/USD_test_data.json'
2025-07-27 21:52:35,059 - crypto_bot - WARNING - Failed to save cache to disk: [Errno 2] No such file or directory: '/var/folders/10/2sxjzsh13g1dw2x7g8tfhb480000gn/T/tmp8xkoqwkm/BTC/USD_data1.json'
2025-07-27 21:52:35,059 - crypto_bot - WARNING - Failed to save cache to disk: [Errno 2] No such file or directory: '/var/folders/10/2sxjzsh13g1dw2x7g8tfhb480000gn/T/tmp8xkoqwkm/ETH/USD_data2.json'
2025-07-27 21:52:35,061 - crypto_bot - INFO - Enhanced data manager initialized for 2 pairs
2025-07-27 21:52:35,061 - crypto_bot - WARNING - Pair BTC/USD already exists in data manager
2025-07-27 21:52:35,061 - crypto_bot - INFO - Cleaning up enhanced data manager
2025-07-27 21:52:35,063 - crypto_bot - INFO - Enhanced data manager initialized for 2 pairs
2025-07-27 21:52:35,063 - crypto_bot - INFO - Added market data for BTC/USD at 2025-07-27 21:52:35.063699
2025-07-27 21:52:35,063 - crypto_bot - INFO - Cleaning up enhanced data manager
2025-07-27 21:52:35,066 - crypto_bot - INFO - Enhanced data manager initialized for 2 pairs
2025-07-27 21:52:35,066 - crypto_bot - INFO - Added trading pair SOL/USD to data manager
2025-07-27 21:52:35,066 - crypto_bot - INFO - Cleaning up enhanced data manager
2025-07-27 21:52:35,067 - crypto_bot - INFO - Enhanced data manager initialized for 2 pairs
2025-07-27 21:52:35,068 - crypto_bot - INFO - Calculated 3 indicators for BTC/USD
2025-07-27 21:52:35,068 - crypto_bot - INFO - Cleaning up enhanced data manager
2025-07-27 21:52:35,070 - crypto_bot - INFO - Enhanced data manager initialized for 2 pairs
2025-07-27 21:52:35,072 - crypto_bot - INFO - Cleaning up enhanced data manager
2025-07-27 21:52:35,073 - crypto_bot - INFO - Enhanced data manager initialized for 2 pairs
2025-07-27 21:52:35,074 - crypto_bot - ERROR - Failed to get latest data for BTC/USD: API Error
2025-07-27 21:52:35,074 - crypto_bot - INFO - Cleaning up enhanced data manager
2025-07-27 21:52:35,075 - crypto_bot - INFO - Enhanced data manager initialized for 2 pairs
2025-07-27 21:52:35,076 - crypto_bot - INFO - Cleaning up enhanced data manager
2025-07-27 21:52:35,077 - crypto_bot - INFO - Enhanced data manager initialized for 2 pairs
2025-07-27 21:52:35,078 - crypto_bot - INFO - Cleaning up enhanced data manager
2025-07-27 21:52:35,080 - crypto_bot - INFO - Enhanced data manager initialized for 2 pairs
2025-07-27 21:52:35,081 - crypto_bot - INFO - Cleaning up enhanced data manager
2025-07-27 21:52:35,083 - crypto_bot - INFO - Enhanced data manager initialized for 2 pairs
2025-07-27 21:52:35,085 - crypto_bot - INFO - Cleaning up enhanced data manager
2025-07-27 21:52:35,086 - crypto_bot - INFO - Enhanced data manager initialized for 2 pairs
2025-07-27 21:52:35,086 - crypto_bot - INFO - Cleaning up enhanced data manager
2025-07-27 21:52:35,088 - crypto_bot - INFO - Enhanced data manager initialized for 2 pairs
2025-07-27 21:52:35,088 - crypto_bot - INFO - Cleaning up enhanced data manager
2025-07-27 21:52:35,090 - crypto_bot - INFO - Enhanced data manager initialized for 2 pairs
2025-07-27 21:52:35,090 - crypto_bot - WARNING - Pair NONEXISTENT/USD not found in data manager
2025-07-27 21:52:35,090 - crypto_bot - INFO - Cleaning up enhanced data manager
2025-07-27 21:52:35,091 - crypto_bot - INFO - Enhanced data manager initialized for 2 pairs
2025-07-27 21:52:35,092 - crypto_bot - INFO - Removed trading pair BTC/USD from data manager
2025-07-27 21:52:35,092 - crypto_bot - INFO - Cleaning up enhanced data manager
2025-07-27 21:52:35,093 - crypto_bot - INFO - Enhanced data manager initialized for 2 pairs
2025-07-27 21:52:35,093 - crypto_bot - INFO - Successfully synchronized data for BTC/USD
2025-07-27 21:52:35,093 - crypto_bot - INFO - Successfully synchronized data for ETH/USD
2025-07-27 21:52:35,093 - crypto_bot - INFO - Cleaning up enhanced data manager
2025-07-27 21:52:35,095 - crypto_bot - INFO - Enhanced data manager initialized for 2 pairs
2025-07-27 21:52:35,095 - crypto_bot - INFO - Cleaning up enhanced data manager
2025-07-27 21:52:35,097 - crypto_bot - INFO - Enhanced data manager initialized for 2 pairs
2025-07-27 21:52:35,099 - crypto_bot - INFO - Cleaning up enhanced data manager
2025-07-27 21:52:35,101 - crypto_bot - INFO - Enhanced data manager initialized for 2 pairs
2025-07-27 21:52:35,102 - crypto_bot - INFO - Cleaning up enhanced data manager
2025-07-27 21:52:46,843 - crypto_bot - INFO - Enhanced data manager initialized for 2 pairs
2025-07-27 21:52:46,855 - crypto_bot - INFO - Cleaning up enhanced data manager
2025-07-27 21:54:25,665 - crypto_bot - INFO - Enhanced data manager initialized for 2 pairs
2025-07-27 21:54:25,668 - crypto_bot - INFO - Fetching XBTUSD data with 5Min timeframe
2025-07-27 21:54:26,097 - crypto_bot - INFO - Successfully fetched 720 data points for XBTUSD
2025-07-27 21:54:26,168 - crypto_bot - INFO - Fetching ETHUSD data with 5Min timeframe
2025-07-27 21:54:26,498 - crypto_bot - INFO - Successfully fetched 720 data points for ETHUSD
2025-07-27 21:54:26,669 - crypto_bot - INFO - Fetching XBTUSD data with 5Min timeframe
2025-07-27 21:54:28,011 - crypto_bot - INFO - Successfully fetched 720 data points for XBTUSD
2025-07-27 21:54:28,018 - crypto_bot - INFO - Calculated 5 indicators for XBTUSD
2025-07-27 21:54:28,018 - crypto_bot - INFO - Fetching ETHUSD data with 5Min timeframe
2025-07-27 21:54:28,368 - crypto_bot - INFO - Successfully fetched 720 data points for ETHUSD
2025-07-27 21:54:28,371 - crypto_bot - INFO - Calculated 5 indicators for ETHUSD
2025-07-27 21:54:28,521 - crypto_bot - INFO - Fetching XBTUSD data with 5Min timeframe
2025-07-27 21:54:29,036 - crypto_bot - INFO - Successfully fetched 720 data points for XBTUSD
2025-07-27 21:54:29,043 - crypto_bot - INFO - Fetching ETHUSD data with 5Min timeframe
2025-07-27 21:54:29,424 - crypto_bot - INFO - Successfully fetched 720 data points for ETHUSD
2025-07-27 21:54:29,430 - crypto_bot - INFO - Added market data for XBTUSD at 2025-07-27 21:54:29.430778
2025-07-27 21:54:29,430 - crypto_bot - INFO - Added market data for ETHUSD at 2025-07-27 21:54:29.430974
2025-07-27 21:54:29,443 - crypto_bot - INFO - Added trading pair SOLUSD to data manager
2025-07-27 21:54:29,443 - crypto_bot - INFO - Removed trading pair SOLUSD from data manager
2025-07-27 21:54:29,443 - crypto_bot - INFO - Successfully synchronized data for XBTUSD
2025-07-27 21:54:29,443 - crypto_bot - INFO - Successfully synchronized data for ETHUSD
2025-07-27 21:54:29,443 - crypto_bot - INFO - Cleaning up enhanced data manager
2025-07-27 21:54:52,329 - crypto_bot - INFO - Enhanced data manager initialized for 2 pairs
2025-07-27 21:54:52,341 - crypto_bot - INFO - Successfully synchronized data for XBTUSD
2025-07-27 21:54:52,342 - crypto_bot - INFO - Successfully synchronized data for ETHUSD
2025-07-27 21:54:52,347 - crypto_bot - INFO - Cleaning up enhanced data manager
2025-07-27 22:03:52,106 - crypto_bot - WARNING - Insufficient data for backtesting Bollinger Bands RSI
2025-07-27 22:06:30,098 - crypto_bot - WARNING - Insufficient data for backtesting Bollinger Bands RSI
2025-07-27 22:06:58,407 - crypto_bot - INFO - Strategy Enhanced Momentum generated BUY signal with 0.90 confidence
2025-07-27 22:06:58,409 - crypto_bot - INFO - Strategy Price Action generated HOLD signal with 0.00 confidence
2025-07-27 22:06:58,410 - crypto_bot - INFO - Strategy Multi-Timeframe generated BUY signal with 0.70 confidence
2025-07-27 22:06:58,411 - crypto_bot - INFO - Strategy Bollinger Bands RSI generated SELL signal with 0.84 confidence
2025-07-27 22:06:58,413 - crypto_bot - INFO - Strategy MACD Strategy generated HOLD signal with 0.00 confidence
2025-07-27 22:06:58,415 - crypto_bot - INFO - Strategy Volume Weighted Strategy generated HOLD signal with 0.00 confidence
2025-07-27 22:06:58,416 - crypto_bot - INFO - Strategy Multi-Timeframe Momentum generated BUY signal with 0.90 confidence
2025-07-27 22:06:58,416 - crypto_bot - INFO - Combined signal: BUY with 0.36 confidence
2025-07-27 22:10:46,720 - crypto_bot - INFO - Strategy Enhanced Momentum generated SELL signal with 0.90 confidence
2025-07-27 22:10:46,727 - crypto_bot - INFO - Strategy Price Action generated HOLD signal with 0.00 confidence
2025-07-27 22:10:46,728 - crypto_bot - INFO - Strategy Multi-Timeframe generated SELL signal with 0.70 confidence
2025-07-27 22:10:46,730 - crypto_bot - INFO - Strategy Bollinger Bands RSI generated HOLD signal with 0.00 confidence
2025-07-27 22:10:46,731 - crypto_bot - INFO - Strategy MACD Strategy generated HOLD signal with 0.00 confidence
2025-07-27 22:10:46,732 - crypto_bot - INFO - Strategy Volume Weighted Strategy generated HOLD signal with 0.00 confidence
2025-07-27 22:10:46,734 - crypto_bot - INFO - Strategy Multi-Timeframe Momentum generated SELL signal with 0.90 confidence
2025-07-27 22:10:46,734 - crypto_bot - INFO - Combined signal: SELL with 0.36 confidence
2025-07-27 22:10:46,736 - crypto_bot - INFO - Strategy Bollinger Bands RSI generated HOLD signal with 0.00 confidence
2025-07-27 22:10:46,737 - crypto_bot - INFO - Strategy MACD Strategy generated HOLD signal with 0.00 confidence
2025-07-27 22:10:46,738 - crypto_bot - INFO - Strategy Volume Weighted Strategy generated HOLD signal with 0.00 confidence
2025-07-27 22:10:46,739 - crypto_bot - INFO - Strategy Multi-Timeframe Momentum generated SELL signal with 0.90 confidence
2025-07-27 22:10:46,739 - crypto_bot - INFO - Combined signal: HOLD with 0.00 confidence
2025-07-27 22:11:15,991 - crypto_bot - WARNING - Insufficient data for backtesting Bollinger Bands RSI
2025-07-27 22:11:36,396 - crypto_bot - INFO - Strategy Enhanced Momentum generated BUY signal with 0.90 confidence
2025-07-27 22:11:36,398 - crypto_bot - INFO - Strategy Price Action generated HOLD signal with 0.00 confidence
2025-07-27 22:11:36,399 - crypto_bot - INFO - Strategy Multi-Timeframe generated BUY signal with 0.70 confidence
2025-07-27 22:11:36,401 - crypto_bot - INFO - Strategy Bollinger Bands RSI generated SELL signal with 0.84 confidence
2025-07-27 22:11:36,402 - crypto_bot - INFO - Strategy MACD Strategy generated HOLD signal with 0.00 confidence
2025-07-27 22:11:36,403 - crypto_bot - INFO - Strategy Volume Weighted Strategy generated HOLD signal with 0.00 confidence
2025-07-27 22:11:36,404 - crypto_bot - INFO - Strategy Multi-Timeframe Momentum generated BUY signal with 0.90 confidence
2025-07-27 22:11:36,404 - crypto_bot - INFO - Combined signal: BUY with 0.36 confidence
2025-07-27 22:40:12,566 - bot.crypto_risk_manager - ERROR - Error calculating portfolio value: 'Mock' object is not iterable
2025-07-27 22:40:12,569 - bot.crypto_risk_manager - INFO - Initial portfolio value: $0.00
2025-07-27 22:40:12,569 - bot.crypto_risk_manager - INFO - CryptoRiskManager initialized
2025-07-27 22:40:12,569 - bot.enhanced_risk_manager - INFO - EnhancedRiskManager initialized for 3 trading pairs
2025-07-27 22:40:25,562 - bot.crypto_risk_manager - ERROR - Error calculating portfolio value: 'Mock' object is not iterable
2025-07-27 22:40:25,564 - bot.crypto_risk_manager - INFO - Initial portfolio value: $0.00
2025-07-27 22:40:25,566 - bot.crypto_risk_manager - INFO - CryptoRiskManager initialized
2025-07-27 22:40:25,567 - bot.enhanced_risk_manager - INFO - EnhancedRiskManager initialized for 3 trading pairs
2025-07-27 22:43:47,493 - bot.crypto_risk_manager - ERROR - Error calculating portfolio value: 'Mock' object is not iterable
2025-07-27 22:43:47,495 - bot.crypto_risk_manager - INFO - Initial portfolio value: $0.00
2025-07-27 22:43:47,495 - bot.crypto_risk_manager - INFO - CryptoRiskManager initialized
2025-07-27 22:43:47,495 - bot.enhanced_risk_manager - INFO - EnhancedRiskManager initialized for 3 trading pairs
2025-07-27 22:44:24,846 - bot.crypto_risk_manager - ERROR - Error calculating portfolio value: 'Mock' object is not iterable
2025-07-27 22:44:24,848 - bot.crypto_risk_manager - INFO - Initial portfolio value: $0.00
2025-07-27 22:44:24,848 - bot.crypto_risk_manager - INFO - CryptoRiskManager initialized
2025-07-27 22:44:24,848 - bot.enhanced_risk_manager - INFO - EnhancedRiskManager initialized for 3 trading pairs
2025-07-27 22:44:34,052 - bot.crypto_risk_manager - ERROR - Error calculating portfolio value: 'Mock' object is not iterable
2025-07-27 22:44:34,053 - bot.crypto_risk_manager - INFO - Initial portfolio value: $0.00
2025-07-27 22:44:34,053 - bot.crypto_risk_manager - INFO - CryptoRiskManager initialized
2025-07-27 22:44:34,053 - bot.enhanced_risk_manager - INFO - EnhancedRiskManager initialized for 3 trading pairs
2025-07-27 22:44:44,148 - bot.crypto_risk_manager - ERROR - Error calculating portfolio value: 'Mock' object is not iterable
2025-07-27 22:44:44,148 - bot.crypto_risk_manager - INFO - Initial portfolio value: $0.00
2025-07-27 22:44:44,148 - bot.crypto_risk_manager - INFO - CryptoRiskManager initialized
2025-07-27 22:44:44,148 - bot.enhanced_risk_manager - INFO - EnhancedRiskManager initialized for 4 trading pairs
2025-07-27 22:44:55,111 - bot.crypto_risk_manager - ERROR - Error calculating portfolio value: 'Mock' object is not iterable
2025-07-27 22:44:55,112 - bot.crypto_risk_manager - INFO - Initial portfolio value: $0.00
2025-07-27 22:44:55,112 - bot.crypto_risk_manager - INFO - CryptoRiskManager initialized
2025-07-27 22:44:55,112 - bot.enhanced_risk_manager - INFO - EnhancedRiskManager initialized for 4 trading pairs
2025-07-27 22:44:55,118 - bot.enhanced_risk_manager - WARNING - Volatility spike detected in BTC/USD: 2.50 vs 0.60
2025-07-27 22:45:00,686 - bot.crypto_risk_manager - ERROR - Error calculating portfolio value: 'Mock' object is not iterable
2025-07-27 22:45:00,687 - bot.crypto_risk_manager - INFO - Initial portfolio value: $0.00
2025-07-27 22:45:00,687 - bot.crypto_risk_manager - INFO - CryptoRiskManager initialized
2025-07-27 22:45:00,687 - bot.enhanced_risk_manager - INFO - EnhancedRiskManager initialized for 3 trading pairs
2025-07-27 22:45:00,687 - bot.enhanced_risk_manager - INFO - Reducing BTC/USD position size by 33.3% due to correlation impact (0.80)
2025-07-27 22:45:00,688 - bot.crypto_risk_manager - ERROR - Error calculating portfolio value: 'Mock' object is not iterable
2025-07-27 22:45:00,688 - bot.crypto_risk_manager - INFO - Initial portfolio value: $0.00
2025-07-27 22:45:00,688 - bot.crypto_risk_manager - INFO - CryptoRiskManager initialized
2025-07-27 22:45:00,688 - bot.enhanced_risk_manager - INFO - EnhancedRiskManager initialized for 3 trading pairs
2025-07-27 22:45:00,689 - bot.crypto_risk_manager - ERROR - Error calculating portfolio value: 'Mock' object is not iterable
2025-07-27 22:45:00,689 - bot.crypto_risk_manager - INFO - Initial portfolio value: $0.00
2025-07-27 22:45:00,689 - bot.crypto_risk_manager - INFO - CryptoRiskManager initialized
2025-07-27 22:45:00,689 - bot.enhanced_risk_manager - INFO - EnhancedRiskManager initialized for 3 trading pairs
2025-07-27 22:45:00,689 - bot.crypto_risk_manager - ERROR - Error calculating portfolio value: 'Mock' object is not iterable
2025-07-27 22:45:00,689 - bot.crypto_risk_manager - INFO - Initial portfolio value: $0.00
2025-07-27 22:45:00,689 - bot.crypto_risk_manager - INFO - CryptoRiskManager initialized
2025-07-27 22:45:00,689 - bot.enhanced_risk_manager - INFO - EnhancedRiskManager initialized for 3 trading pairs
2025-07-27 22:45:00,721 - bot.crypto_risk_manager - ERROR - Error calculating portfolio value: 'Mock' object is not iterable
2025-07-27 22:45:00,721 - bot.crypto_risk_manager - INFO - Initial portfolio value: $0.00
2025-07-27 22:45:00,721 - bot.crypto_risk_manager - INFO - CryptoRiskManager initialized
2025-07-27 22:45:00,721 - bot.enhanced_risk_manager - INFO - EnhancedRiskManager initialized for 3 trading pairs
2025-07-27 22:45:00,721 - bot.crypto_risk_manager - ERROR - Error calculating portfolio value: 'Mock' object is not iterable
2025-07-27 22:45:00,721 - bot.crypto_risk_manager - INFO - Initial portfolio value: $0.00
2025-07-27 22:45:00,721 - bot.crypto_risk_manager - INFO - CryptoRiskManager initialized
2025-07-27 22:45:00,721 - bot.enhanced_risk_manager - INFO - EnhancedRiskManager initialized for 3 trading pairs
2025-07-27 22:45:00,722 - bot.crypto_risk_manager - ERROR - Error calculating portfolio value: 'Mock' object is not iterable
2025-07-27 22:45:00,722 - bot.crypto_risk_manager - INFO - Initial portfolio value: $0.00
2025-07-27 22:45:00,722 - bot.crypto_risk_manager - INFO - CryptoRiskManager initialized
2025-07-27 22:45:00,722 - bot.enhanced_risk_manager - INFO - EnhancedRiskManager initialized for 3 trading pairs
2025-07-27 22:45:00,723 - bot.crypto_risk_manager - ERROR - Error calculating portfolio value: 'Mock' object is not iterable
2025-07-27 22:45:00,723 - bot.crypto_risk_manager - INFO - Initial portfolio value: $0.00
2025-07-27 22:45:00,723 - bot.crypto_risk_manager - INFO - CryptoRiskManager initialized
2025-07-27 22:45:00,723 - bot.enhanced_risk_manager - INFO - EnhancedRiskManager initialized for 3 trading pairs
2025-07-27 22:45:00,723 - bot.enhanced_risk_manager - WARNING - Volatility spike detected in BTC/USD: 1.50 vs 0.40
2025-07-27 22:45:00,724 - bot.crypto_risk_manager - ERROR - Error calculating portfolio value: 'Mock' object is not iterable
2025-07-27 22:45:00,724 - bot.crypto_risk_manager - INFO - Initial portfolio value: $0.00
2025-07-27 22:45:00,724 - bot.crypto_risk_manager - INFO - CryptoRiskManager initialized
2025-07-27 22:45:00,724 - bot.enhanced_risk_manager - INFO - EnhancedRiskManager initialized for 3 trading pairs
2025-07-27 22:45:00,729 - bot.crypto_risk_manager - ERROR - Error calculating portfolio value: 'Mock' object is not iterable
2025-07-27 22:45:00,729 - bot.crypto_risk_manager - INFO - Initial portfolio value: $0.00
2025-07-27 22:45:00,729 - bot.crypto_risk_manager - INFO - CryptoRiskManager initialized
2025-07-27 22:45:00,729 - bot.enhanced_risk_manager - INFO - EnhancedRiskManager initialized for 3 trading pairs
2025-07-27 22:45:00,733 - bot.crypto_risk_manager - ERROR - Error calculating portfolio value: 'Mock' object is not iterable
2025-07-27 22:45:00,733 - bot.crypto_risk_manager - INFO - Initial portfolio value: $0.00
2025-07-27 22:45:00,733 - bot.crypto_risk_manager - INFO - CryptoRiskManager initialized
2025-07-27 22:45:00,733 - bot.enhanced_risk_manager - INFO - EnhancedRiskManager initialized for 3 trading pairs
2025-07-27 22:45:00,733 - bot.crypto_risk_manager - ERROR - Error calculating portfolio value: 'Mock' object is not iterable
2025-07-27 22:45:00,733 - bot.crypto_risk_manager - INFO - Initial portfolio value: $0.00
2025-07-27 22:45:00,733 - bot.crypto_risk_manager - INFO - CryptoRiskManager initialized
2025-07-27 22:45:00,733 - bot.enhanced_risk_manager - INFO - EnhancedRiskManager initialized for 3 trading pairs
2025-07-27 22:45:00,737 - bot.crypto_risk_manager - ERROR - Error calculating portfolio value: 'Mock' object is not iterable
2025-07-27 22:45:00,737 - bot.crypto_risk_manager - INFO - Initial portfolio value: $0.00
2025-07-27 22:45:00,737 - bot.crypto_risk_manager - INFO - CryptoRiskManager initialized
2025-07-27 22:45:00,737 - bot.enhanced_risk_manager - INFO - EnhancedRiskManager initialized for 3 trading pairs
2025-07-27 22:45:00,738 - bot.crypto_risk_manager - ERROR - Error calculating portfolio value: 'Mock' object is not iterable
2025-07-27 22:45:00,738 - bot.crypto_risk_manager - INFO - Initial portfolio value: $0.00
2025-07-27 22:45:00,738 - bot.crypto_risk_manager - INFO - CryptoRiskManager initialized
2025-07-27 22:45:00,738 - bot.enhanced_risk_manager - INFO - EnhancedRiskManager initialized for 3 trading pairs
2025-07-27 22:45:00,739 - bot.crypto_risk_manager - ERROR - Error calculating portfolio value: 'Mock' object is not iterable
2025-07-27 22:45:00,739 - bot.crypto_risk_manager - INFO - Initial portfolio value: $0.00
2025-07-27 22:45:00,739 - bot.crypto_risk_manager - INFO - CryptoRiskManager initialized
2025-07-27 22:45:00,740 - bot.enhanced_risk_manager - INFO - EnhancedRiskManager initialized for 3 trading pairs
2025-07-27 22:45:00,740 - bot.enhanced_risk_manager - INFO - All emergency stops reset
2025-07-27 22:45:00,740 - bot.crypto_risk_manager - ERROR - Error calculating portfolio value: 'Mock' object is not iterable
2025-07-27 22:45:00,740 - bot.crypto_risk_manager - INFO - Initial portfolio value: $0.00
2025-07-27 22:45:00,740 - bot.crypto_risk_manager - INFO - CryptoRiskManager initialized
2025-07-27 22:45:00,740 - bot.enhanced_risk_manager - INFO - EnhancedRiskManager initialized for 3 trading pairs
2025-07-27 22:45:00,741 - bot.crypto_risk_manager - ERROR - Error calculating portfolio value: 'Mock' object is not iterable
2025-07-27 22:45:00,741 - bot.crypto_risk_manager - INFO - Initial portfolio value: $0.00
2025-07-27 22:45:00,741 - bot.crypto_risk_manager - INFO - CryptoRiskManager initialized
2025-07-27 22:45:00,741 - bot.enhanced_risk_manager - INFO - EnhancedRiskManager initialized for 3 trading pairs
2025-07-27 22:45:00,743 - bot.crypto_risk_manager - ERROR - Error calculating portfolio value: 'Mock' object is not iterable
2025-07-27 22:45:00,743 - bot.crypto_risk_manager - INFO - Initial portfolio value: $0.00
2025-07-27 22:45:00,743 - bot.crypto_risk_manager - INFO - CryptoRiskManager initialized
2025-07-27 22:45:00,743 - bot.enhanced_risk_manager - INFO - EnhancedRiskManager initialized for 3 trading pairs
2025-07-27 22:45:00,745 - bot.crypto_risk_manager - ERROR - Error calculating portfolio value: 'Mock' object is not iterable
2025-07-27 22:45:00,745 - bot.crypto_risk_manager - INFO - Initial portfolio value: $0.00
2025-07-27 22:45:00,745 - bot.crypto_risk_manager - INFO - CryptoRiskManager initialized
2025-07-27 22:45:00,745 - bot.enhanced_risk_manager - INFO - EnhancedRiskManager initialized for 3 trading pairs
2025-07-27 22:45:00,747 - bot.crypto_risk_manager - ERROR - Error calculating portfolio value: 'Mock' object is not iterable
2025-07-27 22:45:00,747 - bot.crypto_risk_manager - INFO - Initial portfolio value: $0.00
2025-07-27 22:45:00,748 - bot.crypto_risk_manager - INFO - CryptoRiskManager initialized
2025-07-27 22:45:00,748 - bot.enhanced_risk_manager - INFO - EnhancedRiskManager initialized for 3 trading pairs
2025-07-27 22:45:00,749 - bot.crypto_risk_manager - ERROR - Error calculating portfolio value: 'Mock' object is not iterable
2025-07-27 22:45:00,749 - bot.crypto_risk_manager - INFO - Initial portfolio value: $0.00
2025-07-27 22:45:00,749 - bot.crypto_risk_manager - INFO - CryptoRiskManager initialized
2025-07-27 22:45:00,749 - bot.enhanced_risk_manager - INFO - EnhancedRiskManager initialized for 3 trading pairs
2025-07-27 22:45:00,755 - bot.crypto_risk_manager - ERROR - Error calculating portfolio value: 'Mock' object is not iterable
2025-07-27 22:45:00,755 - bot.crypto_risk_manager - INFO - Initial portfolio value: $0.00
2025-07-27 22:45:00,755 - bot.crypto_risk_manager - INFO - CryptoRiskManager initialized
2025-07-27 22:45:00,755 - bot.enhanced_risk_manager - INFO - EnhancedRiskManager initialized for 3 trading pairs
2025-07-27 22:45:00,761 - bot.crypto_risk_manager - ERROR - Error calculating portfolio value: 'Mock' object is not iterable
2025-07-27 22:45:00,761 - bot.crypto_risk_manager - INFO - Initial portfolio value: $0.00
2025-07-27 22:45:00,761 - bot.crypto_risk_manager - INFO - CryptoRiskManager initialized
2025-07-27 22:45:00,761 - bot.enhanced_risk_manager - INFO - EnhancedRiskManager initialized for 3 trading pairs
2025-07-27 22:45:00,762 - bot.crypto_risk_manager - ERROR - Error calculating portfolio value: 'Mock' object is not iterable
2025-07-27 22:45:00,762 - bot.crypto_risk_manager - INFO - Initial portfolio value: $0.00
2025-07-27 22:45:00,762 - bot.crypto_risk_manager - INFO - CryptoRiskManager initialized
2025-07-27 22:45:00,762 - bot.enhanced_risk_manager - INFO - EnhancedRiskManager initialized for 3 trading pairs
2025-07-27 22:45:00,763 - bot.crypto_risk_manager - ERROR - Error calculating portfolio value: 'Mock' object is not iterable
2025-07-27 22:45:00,763 - bot.crypto_risk_manager - INFO - Initial portfolio value: $0.00
2025-07-27 22:45:00,763 - bot.crypto_risk_manager - INFO - CryptoRiskManager initialized
2025-07-27 22:45:00,763 - bot.enhanced_risk_manager - INFO - EnhancedRiskManager initialized for 3 trading pairs
2025-07-27 22:45:11,744 - bot.crypto_risk_manager - ERROR - Error calculating portfolio value: 'Mock' object is not iterable
2025-07-27 22:45:11,745 - bot.crypto_risk_manager - INFO - Initial portfolio value: $0.00
2025-07-27 22:45:11,745 - bot.crypto_risk_manager - INFO - CryptoRiskManager initialized
2025-07-27 22:45:11,745 - bot.enhanced_risk_manager - INFO - EnhancedRiskManager initialized for 4 trading pairs
2025-07-27 22:45:11,757 - bot.crypto_risk_manager - ERROR - Error calculating portfolio value: 'Mock' object is not iterable
2025-07-27 22:45:11,757 - bot.crypto_risk_manager - INFO - Initial portfolio value: $0.00
2025-07-27 22:45:11,757 - bot.crypto_risk_manager - INFO - CryptoRiskManager initialized
2025-07-27 22:45:11,757 - bot.enhanced_risk_manager - INFO - EnhancedRiskManager initialized for 4 trading pairs
2025-07-27 22:45:11,791 - bot.crypto_risk_manager - ERROR - Error calculating portfolio value: 'Mock' object is not iterable
2025-07-27 22:45:11,792 - bot.crypto_risk_manager - INFO - Initial portfolio value: $0.00
2025-07-27 22:45:11,792 - bot.crypto_risk_manager - INFO - CryptoRiskManager initialized
2025-07-27 22:45:11,792 - bot.enhanced_risk_manager - INFO - EnhancedRiskManager initialized for 4 trading pairs
2025-07-27 22:45:11,800 - bot.crypto_risk_manager - ERROR - Error calculating portfolio value: 'Mock' object is not iterable
2025-07-27 22:45:11,800 - bot.crypto_risk_manager - INFO - Initial portfolio value: $0.00
2025-07-27 22:45:11,800 - bot.crypto_risk_manager - INFO - CryptoRiskManager initialized
2025-07-27 22:45:11,800 - bot.enhanced_risk_manager - INFO - EnhancedRiskManager initialized for 4 trading pairs
2025-07-27 22:45:11,801 - bot.enhanced_risk_manager - WARNING - Volatility spike detected in BTC/USD: 2.50 vs 0.60
2025-07-27 22:45:11,803 - bot.crypto_risk_manager - ERROR - Error calculating portfolio value: 'Mock' object is not iterable
2025-07-27 22:45:11,803 - bot.crypto_risk_manager - INFO - Initial portfolio value: $0.00
2025-07-27 22:45:11,803 - bot.crypto_risk_manager - INFO - CryptoRiskManager initialized
2025-07-27 22:45:11,803 - bot.enhanced_risk_manager - INFO - EnhancedRiskManager initialized for 4 trading pairs
2025-07-27 22:45:11,807 - bot.crypto_risk_manager - ERROR - Error calculating portfolio value: 'Mock' object is not iterable
2025-07-27 22:45:11,807 - bot.crypto_risk_manager - INFO - Initial portfolio value: $0.00
2025-07-27 22:45:11,807 - bot.crypto_risk_manager - INFO - CryptoRiskManager initialized
2025-07-27 22:45:11,807 - bot.enhanced_risk_manager - INFO - EnhancedRiskManager initialized for 4 trading pairs
2025-07-27 22:45:11,878 - bot.crypto_risk_manager - ERROR - Error calculating portfolio value: 'Mock' object is not iterable
2025-07-27 22:45:11,878 - bot.crypto_risk_manager - INFO - Initial portfolio value: $0.00
2025-07-27 22:45:11,878 - bot.crypto_risk_manager - INFO - CryptoRiskManager initialized
2025-07-27 22:45:11,878 - bot.enhanced_risk_manager - INFO - EnhancedRiskManager initialized for 4 trading pairs
2025-07-27 22:45:11,885 - bot.crypto_risk_manager - ERROR - Error calculating portfolio value: 'Mock' object is not iterable
2025-07-27 22:45:11,885 - bot.crypto_risk_manager - INFO - Initial portfolio value: $0.00
2025-07-27 22:45:11,885 - bot.crypto_risk_manager - INFO - CryptoRiskManager initialized
2025-07-27 22:45:11,885 - bot.enhanced_risk_manager - INFO - EnhancedRiskManager initialized for 4 trading pairs
2025-07-27 22:45:11,887 - bot.crypto_risk_manager - ERROR - Error calculating portfolio value: 'Mock' object is not iterable
2025-07-27 22:45:11,887 - bot.crypto_risk_manager - INFO - Initial portfolio value: $0.00
2025-07-27 22:45:11,887 - bot.crypto_risk_manager - INFO - CryptoRiskManager initialized
2025-07-27 22:45:11,887 - bot.enhanced_risk_manager - INFO - EnhancedRiskManager initialized for 4 trading pairs
2025-07-27 22:45:11,889 - bot.enhanced_risk_manager - ERROR - Error getting current positions: '>' not supported between instances of 'Mock' and 'int'
2025-07-27 22:45:11,889 - bot.enhanced_risk_manager - ERROR - Error getting current positions: '>' not supported between instances of 'Mock' and 'int'
2025-07-27 22:46:05,752 - bot.crypto_risk_manager - ERROR - Error calculating portfolio value: 'Mock' object is not iterable
2025-07-27 22:46:05,755 - bot.crypto_risk_manager - INFO - Initial portfolio value: $0.00
2025-07-27 22:46:05,755 - bot.crypto_risk_manager - INFO - CryptoRiskManager initialized
2025-07-27 22:46:05,755 - bot.enhanced_risk_manager - INFO - EnhancedRiskManager initialized for 2 trading pairs
2025-07-27 23:39:22,234 - crypto_bot - INFO - Enhanced dashboard initialized
2025-07-27 23:39:35,924 - crypto_bot - INFO - Enhanced dashboard initialized
2025-07-27 23:39:50,578 - crypto_bot - INFO - Enhanced dashboard initialized
2025-07-27 23:40:42,744 - crypto_bot - INFO - Enhanced dashboard initialized
2025-07-27 23:40:50,701 - crypto_bot - INFO - Enhanced dashboard initialized
2025-07-27 23:40:56,719 - crypto_bot - INFO - Enhanced dashboard initialized
2025-07-27 23:40:56,723 - crypto_bot - INFO - Enhanced dashboard initialized
2025-07-27 23:40:56,785 - crypto_bot - INFO - Enhanced dashboard initialized
2025-07-27 23:40:56,788 - crypto_bot - INFO - Enhanced dashboard initialized
2025-07-27 23:40:56,792 - crypto_bot - INFO - Enhanced dashboard initialized
2025-07-27 23:40:56,794 - crypto_bot - INFO - Enhanced dashboard initialized
2025-07-27 23:40:56,796 - crypto_bot - INFO - Enhanced dashboard initialized
2025-07-27 23:40:56,798 - crypto_bot - INFO - Enhanced dashboard initialized
2025-07-27 23:40:56,801 - crypto_bot - INFO - Enhanced dashboard initialized
2025-07-27 23:40:56,803 - crypto_bot - INFO - Enhanced dashboard initialized
2025-07-27 23:40:56,805 - crypto_bot - INFO - Enhanced dashboard initialized
2025-07-27 23:40:56,809 - crypto_bot - INFO - Enhanced dashboard initialized
2025-07-27 23:40:56,811 - crypto_bot - INFO - Enhanced dashboard initialized
2025-07-27 23:40:56,814 - crypto_bot - INFO - Enhanced dashboard initialized
2025-07-27 23:40:56,816 - crypto_bot - INFO - Enhanced dashboard initialized
2025-07-27 23:40:56,818 - crypto_bot - INFO - Enhanced dashboard initialized
2025-07-27 23:40:56,821 - crypto_bot - INFO - Enhanced dashboard initialized
2025-07-27 23:40:56,825 - crypto_bot - INFO - Enhanced dashboard initialized
2025-07-27 23:40:56,829 - crypto_bot - INFO - Enhanced dashboard initialized
2025-07-27 23:40:56,831 - crypto_bot - INFO - Enhanced dashboard initialized
2025-07-27 23:40:56,833 - crypto_bot - INFO - Enhanced dashboard initialized
2025-07-27 23:40:56,835 - crypto_bot - ERROR - TradingSignal.__init__() got an unexpected keyword argument 'pair': Error validating trade request: ManualTradeRequest(pair='BTC/USD', side='buy', order_type='market', volume=0.1, price=None, stop_loss=None, take_profit=None)
2025-07-27 23:40:56,843 - crypto_bot - INFO - Enhanced dashboard initialized
2025-07-27 23:40:56,843 - crypto_bot - ERROR - TradingSignal.__init__() got an unexpected keyword argument 'pair': Error validating trade request: ManualTradeRequest(pair='BTC/USD', side='buy', order_type='market', volume=0.1, price=None, stop_loss=None, take_profit=None)
2025-07-27 23:48:30,515 - crypto_bot - INFO - Enhanced dashboard initialized
2025-07-27 23:48:51,234 - crypto_bot - INFO - Enhanced dashboard initialized
2025-07-27 23:48:56,885 - crypto_bot - INFO - Enhanced dashboard initialized
2025-07-27 23:48:56,887 - crypto_bot - INFO - Enhanced dashboard initialized
2025-07-27 23:48:56,890 - crypto_bot - INFO - Enhanced dashboard initialized
2025-07-27 23:48:56,891 - crypto_bot - INFO - Enhanced dashboard initialized
2025-07-27 23:48:56,893 - crypto_bot - INFO - Enhanced dashboard initialized
2025-07-27 23:48:56,897 - crypto_bot - INFO - Enhanced dashboard initialized
2025-07-27 23:48:56,899 - crypto_bot - INFO - Enhanced dashboard initialized
2025-07-27 23:48:56,901 - crypto_bot - INFO - Enhanced dashboard initialized
2025-07-27 23:48:56,904 - crypto_bot - INFO - Enhanced dashboard initialized
2025-07-27 23:48:56,906 - crypto_bot - INFO - Enhanced dashboard initialized
2025-07-27 23:48:56,908 - crypto_bot - INFO - Enhanced dashboard initialized
2025-07-27 23:48:56,910 - crypto_bot - INFO - Enhanced dashboard initialized
2025-07-27 23:48:56,912 - crypto_bot - INFO - Enhanced dashboard initialized
2025-07-27 23:48:56,914 - crypto_bot - INFO - Enhanced dashboard initialized
2025-07-27 23:48:56,916 - crypto_bot - INFO - Enhanced dashboard initialized
2025-07-27 23:48:56,919 - crypto_bot - INFO - Enhanced dashboard initialized
2025-07-27 23:48:56,921 - crypto_bot - INFO - Enhanced dashboard initialized
2025-07-27 23:48:56,924 - crypto_bot - INFO - Enhanced dashboard initialized
2025-07-27 23:48:56,925 - crypto_bot - INFO - Enhanced dashboard initialized
2025-07-27 23:48:56,927 - crypto_bot - INFO - Enhanced dashboard initialized
2025-07-27 23:48:56,931 - crypto_bot - INFO - Enhanced dashboard initialized
2025-07-27 23:48:56,935 - crypto_bot - INFO - Enhanced dashboard initialized
2025-07-27 23:49:20,711 - crypto_bot - INFO - Enhanced dashboard initialized
2025-07-27 23:49:20,711 - crypto_bot - ERROR - asdict() should be called on dataclass instances: Error in dashboard background update loop
2025-07-27 23:49:20,712 - crypto_bot - INFO - Starting enhanced dashboard server on localhost:8081
2025-07-27 23:49:20,712 - werkzeug - WARNING - Werkzeug appears to be used in a production deployment. Consider switching to a production web server instead.
2025-07-27 23:49:21,717 - crypto_bot - ERROR - asdict() should be called on dataclass instances: Error in dashboard background update loop
2025-07-27 23:49:22,727 - crypto_bot - ERROR - asdict() should be called on dataclass instances: Error in dashboard background update loop
2025-07-27 23:49:23,244 - werkzeug - INFO - [31m[1mWARNING: This is a development server. Do not use it in a production deployment. Use a production WSGI server instead.[0m
 * Running on http://localhost:8081
2025-07-27 23:49:23,244 - werkzeug - INFO - [33mPress CTRL+C to quit[0m
2025-07-27 23:49:23,353 - werkzeug - INFO - 127.0.0.1 - - [27/Jul/2025 23:49:23] "GET / HTTP/1.1" 200 -
2025-07-27 23:49:23,728 - crypto_bot - INFO - Enhanced dashboard server stopped
2025-07-27 23:52:11,114 - crypto_bot - INFO - Enhanced dashboard initialized
2025-07-27 23:52:11,117 - crypto_bot - ERROR - asdict() should be called on dataclass instances: Error in dashboard background update loop
2025-07-27 23:52:11,117 - crypto_bot - INFO - Starting enhanced dashboard server on localhost:8081
2025-07-27 23:52:11,118 - werkzeug - WARNING - Werkzeug appears to be used in a production deployment. Consider switching to a production web server instead.
2025-07-27 23:52:11,141 - werkzeug - INFO - [31m[1mWARNING: This is a development server. Do not use it in a production deployment. Use a production WSGI server instead.[0m
 * Running on http://localhost:8081
2025-07-27 23:52:11,141 - werkzeug - INFO - [33mPress CTRL+C to quit[0m
2025-07-27 23:52:12,123 - crypto_bot - ERROR - asdict() should be called on dataclass instances: Error in dashboard background update loop
2025-07-27 23:52:13,128 - crypto_bot - ERROR - asdict() should be called on dataclass instances: Error in dashboard background update loop
2025-07-27 23:52:13,129 - werkzeug - INFO - 127.0.0.1 - - [27/Jul/2025 23:52:13] "GET /api/portfolio HTTP/1.1" 200 -
2025-07-27 23:52:14,132 - crypto_bot - INFO - Enhanced dashboard server stopped
2025-07-28 00:02:48,119 - crypto_bot - ERROR - Trading pair already exists: XBTUSD
2025-07-28 00:02:48,129 - crypto_bot - ERROR - Error loading configuration from file: Expecting property name enclosed in double quotes: line 1 column 3 (char 2)
2025-07-28 00:02:48,130 - crypto_bot - ERROR - Error loading configuration from file: [Errno 2] No such file or directory: 'nonexistent.json'
2025-07-28 00:02:48,134 - crypto_bot - ERROR - Trading pair not found: NONEXISTENT
2025-07-28 00:02:48,140 - crypto_bot - INFO - Loaded 2 trading pairs from Kraken
2025-07-28 00:02:48,144 - crypto_bot - ERROR - Invalid risk configuration
2025-07-28 00:02:48,144 - crypto_bot - ERROR - Invalid enhanced trading configuration
2025-07-28 00:04:11,161 - crypto_bot - ERROR - Error loading configuration overrides from environment: could not convert string to float: 'test_value'
2025-07-28 00:05:49,345 - crypto_bot - ERROR - Invalid strategy configuration
2025-07-28 00:05:49,347 - crypto_bot - ERROR - Invalid risk configuration
2025-07-28 00:06:32,019 - crypto_bot - ERROR - Trading pair already exists: XBTUSD
2025-07-28 00:06:32,027 - crypto_bot - ERROR - Error loading configuration from file: Expecting property name enclosed in double quotes: line 1 column 3 (char 2)
2025-07-28 00:06:32,028 - crypto_bot - ERROR - Error loading configuration from file: [Errno 2] No such file or directory: 'nonexistent.json'
2025-07-28 00:06:32,031 - crypto_bot - ERROR - Trading pair not found: NONEXISTENT
2025-07-28 00:06:32,035 - crypto_bot - INFO - Loaded 2 trading pairs from Kraken
2025-07-28 00:06:32,039 - crypto_bot - ERROR - Invalid risk configuration
2025-07-28 00:06:32,040 - crypto_bot - ERROR - Invalid enhanced trading configuration
2025-07-28 00:06:32,041 - crypto_bot - ERROR - Error loading configuration overrides from environment: could not convert string to float: 'test_value'
